DROP TABLE IF EXISTS "public"."user_role";
-- Sequence and defined type
CREATE SEQUENCE IF NOT EXISTS user_role_id_seq;
DROP TYPE IF EXISTS "public"."user_role_enum";
CREATE TYPE "public"."user_role_enum" AS ENUM ('customer', 'seller', 'deliverer', 'admin');

-- Table Definition
CREATE TABLE "public"."user_role" (
    "id" int4 NOT NULL DEFAULT nextval('user_role_id_seq'::regclass),
    "role_name" "public"."user_role_enum" NOT NULL,
    PRIMARY KEY ("id")
);


-- Indices
CREATE UNIQUE INDEX user_role_role_name_key ON public.user_role USING btree (role_name);

DROP TABLE IF EXISTS "public"."user";
-- Sequence and defined type
CREATE SEQUENCE IF NOT EXISTS user_id_seq;
DROP TYPE IF EXISTS "public"."gender_enum";
CREATE TYPE "public"."gender_enum" AS ENUM ('male', 'female', 'other');
DROP TYPE IF EXISTS "public"."user_status_enum";
CREATE TYPE "public"."user_status_enum" AS ENUM ('active', 'inactive', 'suspended', 'deleted');

-- Table Definition
CREATE TABLE "public"."user" (
    "id" int4 NOT NULL DEFAULT nextval('user_id_seq'::regclass),
    "email" varchar(255) NOT NULL,
    "hash_password" varchar(255) NOT NULL,
    "first_name" varchar(50) NOT NULL,
    "last_name" varchar(50) NOT NULL,
    "phone_number" varchar(20),
    "date_of_birth" date,
    "avatar_url" varchar(500),
    "gender" "public"."gender_enum" DEFAULT 'other'::gender_enum,
    "is_email_verified" bool DEFAULT false,
    "is_phone_verified" bool DEFAULT false,
    "status" "public"."user_status_enum" DEFAULT 'active'::user_status_enum,
    "role_id" int4,
    "total_orders" int4 DEFAULT 0,
    "total_spent" numeric(12,2) DEFAULT 0.00,
    "email_verification_token" varchar(255),
    "email_verification_expires" timestamptz,
    "password_reset_otp_hash" varchar(255),
    "password_reset_otp_expires" timestamptz,
    "password_reset_token" varchar(255),
    "password_reset_attempts" int4 DEFAULT 0,
    "password_reset_last_attempt" timestamptz,
    "password_changed_at" timestamptz,
    "is_otp_verified" bool DEFAULT false,
    "account_locked_until" timestamptz,
    "login_attempts" int4 DEFAULT 0,
    "user_name" text,
    "verification_token" text,
    "veri_token_expires_at" timestamptz,
    "is_verified" bool,
    "last_login" timestamptz,
    "created_at" timestamptz DEFAULT CURRENT_TIMESTAMP,
    "updated_at" timestamptz DEFAULT CURRENT_TIMESTAMP,
    CONSTRAINT "user_role_id_fkey" FOREIGN KEY ("role_id") REFERENCES "public"."user_role"("id") ON DELETE SET NULL ON UPDATE CASCADE,
    PRIMARY KEY ("id")
);


-- Indices
CREATE UNIQUE INDEX user_email_key ON public."user" USING btree (email);

DROP TABLE IF EXISTS "public"."social_accounts";
-- Sequence and defined type
CREATE SEQUENCE IF NOT EXISTS social_accounts_id_seq;

-- Table Definition
CREATE TABLE "public"."social_accounts" (
    "id" int4 NOT NULL DEFAULT nextval('social_accounts_id_seq'::regclass),
    "user_id" int4 NOT NULL,
    "google_id" varchar(255),
    "facebook_id" varchar(255),
    "created_at" timestamptz DEFAULT CURRENT_TIMESTAMP,
    "updated_at" timestamptz DEFAULT CURRENT_TIMESTAMP,
    CONSTRAINT "social_accounts_user_id_fkey" FOREIGN KEY ("user_id") REFERENCES "public"."user"("id") ON DELETE CASCADE,
    PRIMARY KEY ("id")
);


-- Indices
CREATE UNIQUE INDEX social_accounts_user_id_key ON public.social_accounts USING btree (user_id);

DROP TABLE IF EXISTS "public"."user_sessions";
-- Sequence and defined type
CREATE SEQUENCE IF NOT EXISTS user_sessions_id_seq;
DROP TYPE IF EXISTS "public"."revoked_reason_enum";
CREATE TYPE "public"."revoked_reason_enum" AS ENUM ('logout', 'suspicious', 'password_change', 'admin_action');

-- Table Definition
CREATE TABLE "public"."user_sessions" (
    "id" int4 NOT NULL DEFAULT nextval('user_sessions_id_seq'::regclass),
    "user_id" int4 NOT NULL,
    "jti" varchar(255) NOT NULL,
    "ait" int8 NOT NULL,
    "device_user_agent" text,
    "device_ip" varchar(45),
    "device_name" varchar(100),
    "device_location" varchar(100),
    "device_fingerprint" varchar(255),
    "suspicious_count" int4 DEFAULT 0,
    "revoked" bool DEFAULT false,
    "revoked_reason" "public"."revoked_reason_enum",
    "revoked_at" timestamptz,
    "last_activity_at" timestamptz DEFAULT CURRENT_TIMESTAMP,
    "expires_at" timestamptz NOT NULL,
    "created_at" timestamptz DEFAULT CURRENT_TIMESTAMP,
    "updated_at" timestamptz DEFAULT CURRENT_TIMESTAMP,
    CONSTRAINT "user_sessions_user_id_fkey" FOREIGN KEY ("user_id") REFERENCES "public"."user"("id") ON DELETE CASCADE,
    PRIMARY KEY ("id")
);


-- Indices
CREATE UNIQUE INDEX user_sessions_jti_key ON public.user_sessions USING btree (jti);

DROP TABLE IF EXISTS "public"."token_blacklist";
-- Sequence and defined type
CREATE SEQUENCE IF NOT EXISTS token_blacklist_id_seq;
DROP TYPE IF EXISTS "public"."token_type_enum";
CREATE TYPE "public"."token_type_enum" AS ENUM ('access');
DROP TYPE IF EXISTS "public"."blacklist_reason_enum";
CREATE TYPE "public"."blacklist_reason_enum" AS ENUM ('logout', 'password_change', 'suspicious_activity', 'admin_revoked');

-- Table Definition
CREATE TABLE "public"."token_blacklist" (
    "id" int4 NOT NULL DEFAULT nextval('token_blacklist_id_seq'::regclass),
    "user_id" int4 NOT NULL,
    "token_hash" varchar(255) NOT NULL,
    "token_type" "public"."token_type_enum" NOT NULL DEFAULT 'access'::token_type_enum,
    "blacklisted_at" timestamptz DEFAULT CURRENT_TIMESTAMP,
    "expires_at" timestamptz NOT NULL,
    "reason" "public"."blacklist_reason_enum" DEFAULT 'logout'::blacklist_reason_enum,
    "created_at" timestamptz DEFAULT CURRENT_TIMESTAMP,
    CONSTRAINT "token_blacklist_user_id_fkey" FOREIGN KEY ("user_id") REFERENCES "public"."user"("id") ON DELETE CASCADE,
    PRIMARY KEY ("id")
);


-- Indices
CREATE UNIQUE INDEX token_blacklist_token_hash_key ON public.token_blacklist USING btree (token_hash);

DROP TABLE IF EXISTS "public"."shipping_address";
-- Sequence and defined type
CREATE SEQUENCE IF NOT EXISTS shipping_address_id_seq;

-- Table Definition
CREATE TABLE "public"."shipping_address" (
    "id" int4 NOT NULL DEFAULT nextval('shipping_address_id_seq'::regclass),
    "address_line" text,
    "ward" varchar(255),
    "district" varchar(255),
    "city" varchar(255),
    "is_default" bool DEFAULT false,
    "user_id" int4,
    "created_at" timestamptz DEFAULT now(),
    "updated_at" timestamptz DEFAULT now(),
    CONSTRAINT "shipping_address_user_id_fkey" FOREIGN KEY ("user_id") REFERENCES "public"."user"("id") ON DELETE CASCADE ON UPDATE CASCADE,
    PRIMARY KEY ("id")
);

DROP TABLE IF EXISTS "public"."size_category";
-- Sequence and defined type
CREATE SEQUENCE IF NOT EXISTS size_category_id_seq;

-- Table Definition
CREATE TABLE "public"."size_category" (
    "id" int4 NOT NULL DEFAULT nextval('size_category_id_seq'::regclass),
    "size_cat_name" text NOT NULL,
    PRIMARY KEY ("id")
);

DROP TABLE IF EXISTS "public"."size_option";
-- Sequence and defined type
CREATE SEQUENCE IF NOT EXISTS size_option_id_seq;

-- Table Definition
CREATE TABLE "public"."size_option" (
    "id" int4 NOT NULL DEFAULT nextval('size_option_id_seq'::regclass),
    "size_name" text NOT NULL,
    "sort_order" int4 DEFAULT 0,
    "size_cat_id" int4,
    CONSTRAINT "size_option_size_cat_id_fkey" FOREIGN KEY ("size_cat_id") REFERENCES "public"."size_category"("id") ON DELETE CASCADE ON UPDATE CASCADE,
    PRIMARY KEY ("id")
);

DROP TABLE IF EXISTS "public"."category";
-- Sequence and defined type
CREATE SEQUENCE IF NOT EXISTS category_id_seq;

-- Table Definition
CREATE TABLE "public"."category" (
    "id" int4 NOT NULL DEFAULT nextval('category_id_seq'::regclass),
    "category_name" text NOT NULL,
    "status" int2 DEFAULT 1,
    "parent_cat_id" int4,
    "size_cat_id" int4,
    "created_at" timestamptz DEFAULT now(),
    "updated_at" timestamptz DEFAULT now(),
    CONSTRAINT "category_parent_cat_id_fkey" FOREIGN KEY ("parent_cat_id") REFERENCES "public"."category"("id") ON DELETE SET NULL ON UPDATE CASCADE,
    CONSTRAINT "category_size_cat_id_fkey" FOREIGN KEY ("size_cat_id") REFERENCES "public"."size_category"("id") ON DELETE SET NULL ON UPDATE CASCADE,
    PRIMARY KEY ("id")
);

DROP TABLE IF EXISTS "public"."product";
-- Sequence and defined type
CREATE SEQUENCE IF NOT EXISTS product_id_seq;

-- Table Definition
CREATE TABLE "public"."product" (
    "id" int4 NOT NULL DEFAULT nextval('product_id_seq'::regclass),
    "product_name" text NOT NULL,
    "product_description" text,
    "product_material" text,
    "care_instructions" text,
    "about" text,
    "category_id" int4,
    "status" int2 DEFAULT 1,
    "is_draft" bool DEFAULT true,
    "is_published" bool DEFAULT false,
    "product_slug" varchar(255),
    "ratings_average" numeric(3,2) DEFAULT 0,
    "ratings_count" int4 DEFAULT 0,
    "created_at" timestamptz DEFAULT now(),
    "updated_at" timestamptz DEFAULT now(),
    CONSTRAINT "product_category_id_fkey" FOREIGN KEY ("category_id") REFERENCES "public"."category"("id") ON DELETE SET NULL ON UPDATE CASCADE,
    PRIMARY KEY ("id")
);


-- Indices
CREATE UNIQUE INDEX product_product_slug_key ON public.product USING btree (product_slug);
CREATE INDEX idx_product_status ON public.product USING btree (is_published, is_draft);
CREATE INDEX idx_product_slug ON public.product USING btree (product_slug);
CREATE INDEX idx_product_ratings ON public.product USING btree (ratings_average DESC);

DROP TABLE IF EXISTS "public"."product_item";
-- Sequence and defined type
CREATE SEQUENCE IF NOT EXISTS product_item_id_seq;

-- Table Definition
CREATE TABLE "public"."product_item" (
    "id" int4 NOT NULL DEFAULT nextval('product_item_id_seq'::regclass),
    "price" numeric(12,2) NOT NULL DEFAULT 0,
    "product_code" text,
    "product_id" int4,
    "colour_id" int4,
    "created_at" timestamptz DEFAULT now(),
    "updated_at" timestamptz DEFAULT now(),
    CONSTRAINT "product_item_product_id_fkey" FOREIGN KEY ("product_id") REFERENCES "public"."product"("id") ON DELETE CASCADE ON UPDATE CASCADE,
    CONSTRAINT "product_item_colour_id_fkey" FOREIGN KEY ("colour_id") REFERENCES "public"."colour"("id") ON DELETE SET NULL ON UPDATE CASCADE,
    PRIMARY KEY ("id")
);

DROP TABLE IF EXISTS "public"."colour";
-- Sequence and defined type
CREATE SEQUENCE IF NOT EXISTS colour_id_seq;

-- Table Definition
CREATE TABLE "public"."colour" (
    "id" int4 NOT NULL DEFAULT nextval('colour_id_seq'::regclass),
    "colour_name" text NOT NULL,
    PRIMARY KEY ("id")
);

DROP TABLE IF EXISTS "public"."product_image";
-- Sequence and defined type
CREATE SEQUENCE IF NOT EXISTS product_image_id_seq;

-- Table Definition
CREATE TABLE "public"."product_image" (
    "id" int4 NOT NULL DEFAULT nextval('product_image_id_seq'::regclass),
    "image_filename" text NOT NULL,
    "product_item_id" int4,
    "created_at" timestamptz DEFAULT now(),
    CONSTRAINT "product_image_product_item_id_fkey" FOREIGN KEY ("product_item_id") REFERENCES "public"."product_item"("id") ON DELETE CASCADE ON UPDATE CASCADE,
    PRIMARY KEY ("id")
);

DROP TABLE IF EXISTS "public"."attribute_type";
-- Sequence and defined type
CREATE SEQUENCE IF NOT EXISTS attribute_type_id_seq;

-- Table Definition
CREATE TABLE "public"."attribute_type" (
    "id" int4 NOT NULL DEFAULT nextval('attribute_type_id_seq'::regclass),
    "attribute_type_name" text NOT NULL,
    PRIMARY KEY ("id")
);

DROP TABLE IF EXISTS "public"."attribute_option";
-- Sequence and defined type
CREATE SEQUENCE IF NOT EXISTS attribute_option_id_seq;

-- Table Definition
CREATE TABLE "public"."attribute_option" (
    "id" int4 NOT NULL DEFAULT nextval('attribute_option_id_seq'::regclass),
    "attribute_option_name" text NOT NULL,
    "attribute_type_id" int4,
    CONSTRAINT "attribute_option_attribute_type_id_fkey" FOREIGN KEY ("attribute_type_id") REFERENCES "public"."attribute_type"("id") ON DELETE CASCADE ON UPDATE CASCADE,
    PRIMARY KEY ("id")
);

DROP TABLE IF EXISTS "public"."product_attribute";
-- Sequence and defined type
CREATE SEQUENCE IF NOT EXISTS product_attribute_id_seq;

-- Table Definition
CREATE TABLE "public"."product_attribute" (
    "id" int4 NOT NULL DEFAULT nextval('product_attribute_id_seq'::regclass),
    "attribute_option_id" int4,
    "product_id" int4,
    CONSTRAINT "product_attribute_attribute_option_id_fkey" FOREIGN KEY ("attribute_option_id") REFERENCES "public"."attribute_option"("id") ON DELETE CASCADE ON UPDATE CASCADE,
    CONSTRAINT "product_attribute_product_id_fkey" FOREIGN KEY ("product_id") REFERENCES "public"."product"("id") ON DELETE CASCADE ON UPDATE CASCADE,
    PRIMARY KEY ("id")
);

DROP TABLE IF EXISTS "public"."product_variation";
-- Sequence and defined type
CREATE SEQUENCE IF NOT EXISTS product_variation_id_seq;

-- Table Definition
CREATE TABLE "public"."product_variation" (
    "id" int4 NOT NULL DEFAULT nextval('product_variation_id_seq'::regclass),
    "qty_in_stock" int4 DEFAULT 0,
    "product_item_id" int4,
    "size_id" int4,
    "created_at" timestamptz DEFAULT now(),
    "updated_at" timestamptz DEFAULT now(),
    CONSTRAINT "product_variation_product_item_id_fkey" FOREIGN KEY ("product_item_id") REFERENCES "public"."product_item"("id") ON DELETE CASCADE ON UPDATE CASCADE,
    CONSTRAINT "product_variation_size_id_fkey" FOREIGN KEY ("size_id") REFERENCES "public"."size_option"("id") ON DELETE SET NULL ON UPDATE CASCADE,
    PRIMARY KEY ("id")
);

DROP TABLE IF EXISTS "public"."cart";
-- Sequence and defined type
CREATE SEQUENCE IF NOT EXISTS cart_id_seq;

-- Table Definition
CREATE TABLE "public"."cart" (
    "id" int4 NOT NULL DEFAULT nextval('cart_id_seq'::regclass),
    "status" int2 DEFAULT 1,
    "user_id" int4,
    "cart_count_products" int4 DEFAULT 0,
    "cart_total_items" int4 DEFAULT 0,
    "cart_subtotal" numeric(12,2) DEFAULT 0.00,
    "updated_at" timestamptz DEFAULT now(),
    "created_at" timestamptz DEFAULT now(),
    CONSTRAINT "cart_user_id_fkey" FOREIGN KEY ("user_id") REFERENCES "public"."user"("id") ON DELETE CASCADE ON UPDATE CASCADE,
    PRIMARY KEY ("id")
);


-- Indices
CREATE INDEX idx_cart_user ON public.cart USING btree (user_id);
CREATE INDEX idx_cart_status ON public.cart USING btree (status);
CREATE INDEX idx_cart_updated ON public.cart USING btree (updated_at DESC);

DROP TABLE IF EXISTS "public"."cart_product";
-- Sequence and defined type
CREATE SEQUENCE IF NOT EXISTS cart_product_id_seq;

-- Table Definition
CREATE TABLE "public"."cart_product" (
    "id" int4 NOT NULL DEFAULT nextval('cart_product_id_seq'::regclass),
    "quantity" int4 NOT NULL DEFAULT 1,
    "price" numeric(12,2) NOT NULL DEFAULT 0,
    "cart_id" int4,
    "variation_id" int4,
    "created_at" timestamptz DEFAULT now(),
    CONSTRAINT "cart_product_cart_id_fkey" FOREIGN KEY ("cart_id") REFERENCES "public"."cart"("id") ON DELETE CASCADE ON UPDATE CASCADE,
    CONSTRAINT "cart_product_variation_id_fkey" FOREIGN KEY ("variation_id") REFERENCES "public"."product_variation"("id") ON DELETE SET NULL ON UPDATE CASCADE,
    PRIMARY KEY ("id")
);


-- Indices
CREATE UNIQUE INDEX cart_product_cart_id_variation_id_key ON public.cart_product USING btree (cart_id, variation_id);
CREATE INDEX idx_cart_product_cart ON public.cart_product USING btree (cart_id);
CREATE INDEX idx_cart_product_variation ON public.cart_product USING btree (variation_id);

DROP TABLE IF EXISTS "public"."orders";
-- Sequence and defined type
CREATE SEQUENCE IF NOT EXISTS orders_id_seq;

-- Table Definition
CREATE TABLE "public"."orders" (
    "id" int4 NOT NULL DEFAULT nextval('orders_id_seq'::regclass),
    "order_number" varchar(20) NOT NULL,
    "total_price" numeric(14,2) NOT NULL DEFAULT 0,
    "total_discount_amount" numeric(14,2) DEFAULT 0,
    "actual_shipping_fee" numeric(12,2) DEFAULT 0,
    "tax_amount" numeric(12,2) DEFAULT 0,
    "net_amount" numeric(14,2) DEFAULT 0,
    "order_status" varchar(20) DEFAULT 'pending'::character varying,
    "tracking_number" varchar(100),
    "tracking_carrier" varchar(50),
    "payment_method" varchar(50),
    "payment_status" varchar(20) DEFAULT 'pending'::character varying,
    "payment_transaction_id" varchar(100),
    "payment_provider" varchar(50),
    "customer_id" int4,
    "created_at" timestamptz DEFAULT now(),
    "updated_at" timestamptz DEFAULT now(),
    CONSTRAINT "orders_customer_id_fkey" FOREIGN KEY ("customer_id") REFERENCES "public"."user"("id") ON DELETE SET NULL ON UPDATE CASCADE,
    PRIMARY KEY ("id")
);


-- Indices
CREATE UNIQUE INDEX orders_order_number_key ON public.orders USING btree (order_number);

DROP TABLE IF EXISTS "public"."order_product";
-- Sequence and defined type
CREATE SEQUENCE IF NOT EXISTS order_product_id_seq;

-- Table Definition
CREATE TABLE "public"."order_product" (
    "id" int4 NOT NULL DEFAULT nextval('order_product_id_seq'::regclass),
    "quantity" int4 NOT NULL,
    "unit_price" numeric(12,2) NOT NULL,
    "total_price" numeric(12,2) NOT NULL,
    "order_id" int4,
    "product_id" int4,
    "product_item_id" int4,
    "variation_id" int4,
    CONSTRAINT "order_product_order_id_fkey" FOREIGN KEY ("order_id") REFERENCES "public"."orders"("id") ON DELETE CASCADE ON UPDATE CASCADE,
    CONSTRAINT "order_product_product_id_fkey" FOREIGN KEY ("product_id") REFERENCES "public"."product"("id") ON DELETE SET NULL ON UPDATE CASCADE,
    CONSTRAINT "order_product_product_item_id_fkey" FOREIGN KEY ("product_item_id") REFERENCES "public"."product_item"("id") ON DELETE SET NULL ON UPDATE CASCADE,
    CONSTRAINT "order_product_variation_id_fkey" FOREIGN KEY ("variation_id") REFERENCES "public"."product_variation"("id") ON DELETE SET NULL,
    PRIMARY KEY ("id")
);

DROP TABLE IF EXISTS "public"."discount";
-- Sequence and defined type
CREATE SEQUENCE IF NOT EXISTS discount_id_seq;

-- Table Definition
CREATE TABLE "public"."discount" (
    "id" int4 NOT NULL DEFAULT nextval('discount_id_seq'::regclass),
    "discount_name" text NOT NULL,
    "discount_description" text,
    "discount_type" varchar(20) NOT NULL DEFAULT 'fixed_amount'::character varying,
    "discount_value" numeric(12,2) NOT NULL,
    "discount_code" text NOT NULL,
    "discount_start" timestamptz NOT NULL,
    "discount_end" timestamptz NOT NULL,
    "discount_max_uses" int4 NOT NULL,
    "discount_users_count" int4 DEFAULT 0,
    "discount_max_uses_per_user" int4 DEFAULT 1,
    "discount_min_order_value" numeric(12,2) DEFAULT 0,
    "active" bool DEFAULT true,
    "created_at" timestamptz DEFAULT now(),
    "updated_at" timestamptz DEFAULT now(),
    PRIMARY KEY ("id")
);


-- Indices
CREATE UNIQUE INDEX discount_discount_code_key ON public.discount USING btree (discount_code);
CREATE INDEX idx_discount_code ON public.discount USING btree (discount_code);
CREATE INDEX idx_discount_active ON public.discount USING btree (active);
CREATE INDEX idx_discount_dates ON public.discount USING btree (discount_start, discount_end);

DROP TABLE IF EXISTS "public"."order_discount";
-- Sequence and defined type
CREATE SEQUENCE IF NOT EXISTS order_discount_id_seq;

-- Table Definition
CREATE TABLE "public"."order_discount" (
    "id" int4 NOT NULL DEFAULT nextval('order_discount_id_seq'::regclass),
    "discount_amount" numeric(12,2) NOT NULL,
    "applied_at" timestamptz DEFAULT now(),
    "discount_id" int4,
    "customer_id" int4,
    "order_id" int4,
    CONSTRAINT "order_discount_discount_id_fkey" FOREIGN KEY ("discount_id") REFERENCES "public"."discount"("id") ON DELETE SET NULL ON UPDATE CASCADE,
    CONSTRAINT "order_discount_customer_id_fkey" FOREIGN KEY ("customer_id") REFERENCES "public"."user"("id") ON DELETE SET NULL ON UPDATE CASCADE,
    CONSTRAINT "order_discount_order_id_fkey" FOREIGN KEY ("order_id") REFERENCES "public"."orders"("id") ON DELETE CASCADE ON UPDATE CASCADE,
    PRIMARY KEY ("id")
);


-- Indices
CREATE UNIQUE INDEX order_discount_discount_id_customer_id_key ON public.order_discount USING btree (discount_id, customer_id);
CREATE INDEX idx_order_discount_discount ON public.order_discount USING btree (discount_id);
CREATE INDEX idx_order_discount_customer ON public.order_discount USING btree (customer_id);

DROP TABLE IF EXISTS "public"."review";
-- Sequence and defined type
CREATE SEQUENCE IF NOT EXISTS review_id_seq;

-- Table Definition
CREATE TABLE "public"."review" (
    "id" int4 NOT NULL DEFAULT nextval('review_id_seq'::regclass),
    "rating" int2 NOT NULL,
    "comment" text,
    "uploaded_image" text,
    "is_verified" bool DEFAULT false,
    "created_at" timestamptz DEFAULT now(),
    "customer_id" int4,
    "product_id" int4,
    "order_item_id" int4,
    CONSTRAINT "review_customer_id_fkey" FOREIGN KEY ("customer_id") REFERENCES "public"."user"("id") ON DELETE SET NULL ON UPDATE CASCADE,
    CONSTRAINT "review_product_id_fkey" FOREIGN KEY ("product_id") REFERENCES "public"."product"("id") ON DELETE SET NULL ON UPDATE CASCADE,
    CONSTRAINT "review_order_item_id_fkey" FOREIGN KEY ("order_item_id") REFERENCES "public"."order_product"("id") ON DELETE SET NULL ON UPDATE CASCADE,
    PRIMARY KEY ("id")
);

DROP TABLE IF EXISTS "public"."reservation";
-- Sequence and defined type
CREATE SEQUENCE IF NOT EXISTS reservation_id_seq;

-- Table Definition
CREATE TABLE "public"."reservation" (
    "id" int4 NOT NULL DEFAULT nextval('reservation_id_seq'::regclass),
    "reserved_qty" int4 NOT NULL DEFAULT 1,
    "status" varchar(20) DEFAULT 'pending'::character varying,
    "created_at" timestamptz DEFAULT now(),
    "expires_at" timestamptz NOT NULL DEFAULT (now() + '24:00:00'::interval),
    "reservation_hours" int4 DEFAULT 24,
    "variation_id" int4,
    "customer_id" int4,
    CONSTRAINT "reservation_variation_id_fkey" FOREIGN KEY ("variation_id") REFERENCES "public"."product_variation"("id") ON DELETE CASCADE ON UPDATE CASCADE,
    CONSTRAINT "reservation_customer_id_fkey" FOREIGN KEY ("customer_id") REFERENCES "public"."user"("id") ON DELETE SET NULL ON UPDATE CASCADE,
    PRIMARY KEY ("id")
);

DROP TABLE IF EXISTS "public"."key_value_store";
-- Sequence and defined type
CREATE SEQUENCE IF NOT EXISTS key_value_store_id_seq;

-- Table Definition
CREATE TABLE "public"."key_value_store" (
    "id" int4 NOT NULL DEFAULT nextval('key_value_store_id_seq'::regclass),
    "key_name" text NOT NULL,
    "status" int2 DEFAULT 1,
    "permission" text,
    "created_at" timestamptz DEFAULT now(),
    "updated_at" timestamptz DEFAULT now(),
    PRIMARY KEY ("id")
);


-- Indices
CREATE UNIQUE INDEX key_value_store_key_name_key ON public.key_value_store USING btree (key_name);

INSERT INTO "public"."user_role" ("id", "role_name") VALUES
(1, 'customer'),
(2, 'seller'),
(3, 'deliverer'),
(4, 'admin');
INSERT INTO "public"."user" ("id", "email", "hash_password", "first_name", "last_name", "phone_number", "date_of_birth", "avatar_url", "gender", "is_email_verified", "is_phone_verified", "status", "role_id", "total_orders", "total_spent", "email_verification_token", "email_verification_expires", "password_reset_otp_hash", "password_reset_otp_expires", "password_reset_token", "password_reset_attempts", "password_reset_last_attempt", "password_changed_at", "is_otp_verified", "account_locked_until", "login_attempts", "user_name", "verification_token", "veri_token_expires_at", "is_verified", "last_login", "created_at", "updated_at") VALUES
(1, 'customer1@mail.com', 'hashed_password_customer123', 'Maria', 'Hughes', '(797) 842-5818', '1972-01-26', NULL, 'female', 't', 'f', 'active', 1, 14, 2421.52, NULL, NULL, NULL, NULL, NULL, 0, NULL, NULL, 'f', NULL, 0, 'Maria Hughes', NULL, NULL, 't', NULL, '2025-12-19 11:00:52.087089+00', '2025-12-19 11:00:52.087089+00'),
(2, 'customer2@mail.com', 'hashed_password_customer123', 'Lee', 'Morton', '288-419-4210', '2000-08-21', NULL, 'male', 't', 'f', 'active', 1, 13, 501.72, NULL, NULL, NULL, NULL, NULL, 0, NULL, NULL, 'f', NULL, 0, 'Lee Morton', NULL, NULL, 't', NULL, '2025-12-19 11:00:52.10038+00', '2025-12-19 11:00:52.10038+00'),
(3, 'customer3@mail.com', 'hashed_password_customer123', 'Daniel', 'Rogers', '486-361-3496', '2003-12-09', NULL, 'male', 't', 'f', 'active', 1, 3, 70.59, NULL, NULL, NULL, NULL, NULL, 0, NULL, NULL, 'f', NULL, 0, 'Daniel Rogers', NULL, NULL, 't', NULL, '2025-12-19 11:00:52.108166+00', '2025-12-19 11:00:52.108166+00'),
(4, 'customer4@mail.com', 'hashed_password_customer123', 'Bonnie', 'Chang', '720-281-3982', '2002-05-02', NULL, 'other', 'f', 'f', 'active', 1, 4, 115.56, NULL, NULL, NULL, NULL, NULL, 0, NULL, NULL, 'f', NULL, 0, 'Bonnie Chang', NULL, NULL, 'f', NULL, '2025-12-19 11:00:52.114986+00', '2025-12-19 11:00:52.114986+00'),
(5, 'customer5@mail.com', 'hashed_password_customer123', 'Elizabeth', 'Miller', '+1-400-225-3666', '1964-06-03', NULL, 'other', 't', 'f', 'active', 1, 8, 316.25, NULL, NULL, NULL, NULL, NULL, 0, NULL, NULL, 'f', NULL, 0, 'Elizabeth Miller', NULL, NULL, 't', NULL, '2025-12-19 11:00:52.121969+00', '2025-12-19 11:00:52.121969+00'),
(6, 'customer6@mail.com', 'hashed_password_customer123', 'Joe', 'Mcdowell', '261-785-5127', '1968-12-10', NULL, 'male', 't', 'f', 'active', 1, 20, 2497.05, NULL, NULL, NULL, NULL, NULL, 0, NULL, NULL, 'f', NULL, 0, 'Joe Mcdowell', NULL, NULL, 't', NULL, '2025-12-19 11:00:52.128531+00', '2025-12-19 11:00:52.128531+00'),
(7, 'customer7@mail.com', 'hashed_password_customer123', 'Lori', 'Lawson', '+84-97-688-139', '1974-11-23', NULL, 'other', 't', 'f', 'active', 1, 19, 789.83, NULL, NULL, NULL, NULL, NULL, 0, NULL, NULL, 'f', NULL, 0, 'Lori Lawson', NULL, NULL, 't', NULL, '2025-12-19 11:00:52.134811+00', '2025-12-19 11:00:52.134811+00'),
(8, 'customer8@mail.com', 'hashed_password_customer123', 'Cassidy', 'Briggs', '097-522-827', '2004-03-14', NULL, 'other', 'f', 'f', 'active', 1, 16, 1665.84, NULL, NULL, NULL, NULL, NULL, 0, NULL, NULL, 'f', NULL, 0, 'Cassidy Briggs', NULL, NULL, 'f', NULL, '2025-12-19 11:00:52.141023+00', '2025-12-19 11:00:52.141023+00'),
(9, 'customer9@mail.com', 'hashed_password_customer123', 'Madison', 'Jones', '094-237-145', '1975-12-24', NULL, 'other', 't', 'f', 'active', 1, 16, 2287.64, NULL, NULL, NULL, NULL, NULL, 0, NULL, NULL, 'f', NULL, 0, 'Madison Jones', NULL, NULL, 't', NULL, '2025-12-19 11:00:52.146365+00', '2025-12-19 11:00:52.146365+00'),
(10, 'customer10@mail.com', 'hashed_password_customer123', 'Claudia', 'Walls', '263-482-2736', '2007-12-08', NULL, 'female', 't', 'f', 'active', 1, 16, 986.91, NULL, NULL, NULL, NULL, NULL, 0, NULL, NULL, 'f', NULL, 0, 'Claudia Walls', NULL, NULL, 't', NULL, '2025-12-19 11:00:52.151731+00', '2025-12-19 11:00:52.151731+00'),
(11, 'seller1@shop.com', 'hashed_password_seller123', 'Ramirez-Wagner', 'Store', '(375) 355-1904', '1977-06-20', NULL, 'other', 't', 'f', 'active', 2, 0, 0.00, NULL, NULL, NULL, NULL, NULL, 0, NULL, NULL, 'f', NULL, 0, 'Ramirez-Wagner Store', NULL, NULL, 't', NULL, '2025-12-19 11:00:52.1577+00', '2025-12-19 11:00:52.1577+00'),
(12, 'seller2@shop.com', 'hashed_password_seller123', 'Wilson, Conrad and Massey', 'Store', '+1-405-698-8495', '1984-09-20', NULL, 'other', 't', 'f', 'active', 2, 0, 0.00, NULL, NULL, NULL, NULL, NULL, 0, NULL, NULL, 'f', NULL, 0, 'Wilson, Conrad and Massey Store', NULL, NULL, 't', NULL, '2025-12-19 11:00:52.163567+00', '2025-12-19 11:00:52.163567+00'),
(13, 'seller3@shop.com', 'hashed_password_seller123', 'Watson-Dickson', 'Store', '090-679-659', '1969-01-14', NULL, 'other', 't', 'f', 'active', 2, 0, 0.00, NULL, NULL, NULL, NULL, NULL, 0, NULL, NULL, 'f', NULL, 0, 'Watson-Dickson Store', NULL, NULL, 't', NULL, '2025-12-19 11:00:52.170343+00', '2025-12-19 11:00:52.170343+00'),
(14, 'admin1@company.com', 'hashed_password_admin123', 'Matthew', 'Hamilton', '+84-98-674-539', '1992-05-20', NULL, 'male', 't', 'f', 'active', 4, 0, 0.00, NULL, NULL, NULL, NULL, NULL, 0, NULL, NULL, 'f', NULL, 0, 'Matthew Hamilton', NULL, NULL, 't', NULL, '2025-12-19 11:00:52.175878+00', '2025-12-19 11:00:52.175878+00'),
(15, 'admin2@company.com', 'hashed_password_admin123', 'Katherine', 'Thomas', '+1-900-966-5318', '1971-01-06', NULL, 'male', 't', 'f', 'active', 4, 0, 0.00, NULL, NULL, NULL, NULL, NULL, 0, NULL, NULL, 'f', NULL, 0, 'Katherine Thomas', NULL, NULL, 't', NULL, '2025-12-19 11:00:52.181547+00', '2025-12-19 11:00:52.181547+00'),
(16, 'deliverer1@ship.com', 'hashed_password_deliverer123', 'Bradley', 'Moore', '+84-96-274-972', '1979-07-16', NULL, 'male', 't', 'f', 'active', 3, 0, 0.00, NULL, NULL, NULL, NULL, NULL, 0, NULL, NULL, 'f', NULL, 0, 'Bradley Moore', NULL, NULL, 't', NULL, '2025-12-19 11:00:52.187438+00', '2025-12-19 11:00:52.187438+00'),
(17, 'deliverer2@ship.com', 'hashed_password_deliverer123', 'Christopher', 'Allen', '090-752-292', '2001-07-23', NULL, 'female', 't', 'f', 'active', 3, 0, 0.00, NULL, NULL, NULL, NULL, NULL, 0, NULL, NULL, 'f', NULL, 0, 'Christopher Allen', NULL, NULL, 't', NULL, '2025-12-19 11:00:52.193617+00', '2025-12-19 11:00:52.193617+00'),
(24, 'mylinh3164@gmail.com', '$2b$12$pUVTMlgxONq5yNZgfmMEdOewl50MeDOXW7xbdn5JmGRSz9xaw9cWS', 'Linh', 'Nguyen', '+84 912 345 272', '1995-05-09', NULL, 'female', 'f', 'f', 'active', 1, 0, 0.00, '597973', '2026-01-01 15:33:06.745+00', NULL, NULL, NULL, 0, NULL, NULL, 'f', NULL, 0, 'Linh Nguyen', '597973', '2026-01-01 15:33:06.745+00', 'f', NULL, '2026-01-01 15:03:06.746+00', '2026-01-01 15:03:06.746+00'),
(25, 'migotokachi@gmail.com', '$2b$12$5.Caoy6kUT5t/CUT8MKZX.96weziItHNPXoFOzU7Rb4UIJg3I1xNG', 'Tin', 'Trung', '+84 912 723 272', '2003-05-09', NULL, 'male', 'f', 'f', 'active', 1, 0, 0.00, '840647', '2026-01-01 15:44:46.802+00', NULL, NULL, NULL, 0, NULL, NULL, 'f', NULL, 0, 'Tin Trung', '840647', '2026-01-01 15:44:46.802+00', 'f', NULL, '2026-01-01 15:14:46.806+00', '2026-01-01 15:14:46.806+00'),
(26, 'ngoc82252@gmail.com', '$2b$12$awjis0AMSKzZZP6000JSAuGO5cI8sQf87.IPwd5noLwhFQvXdaglm', 'Ngoc', 'Nguyen', '+84 912 623 272', '2003-05-09', NULL, 'male', 'f', 'f', 'active', 1, 0, 0.00, '173903', '2026-01-01 15:51:13.028+00', NULL, NULL, NULL, 0, NULL, NULL, 'f', NULL, 0, 'Ngoc Nguyen', '173903', '2026-01-01 15:51:13.028+00', 'f', NULL, '2026-01-01 15:21:13.03+00', '2026-01-01 15:21:13.03+00'),
(27, 'lhduc141@gmail.com', '$2b$12$XPYmZ1mQ.81rQLkVfXmiQeiWaC.nx3nsEqUB/i6GTOT8BGBXaaDcm', 'Duc', 'Nguyen', '+84 332 623 272', '2003-05-09', NULL, 'male', 'f', 'f', 'active', 1, 0, 0.00, '668030', '2026-01-03 04:47:43.875+00', NULL, NULL, NULL, 0, NULL, NULL, 'f', NULL, 0, 'Duc Nguyen', '668030', '2026-01-03 04:47:43.875+00', 'f', NULL, '2026-01-03 04:17:43.881+00', '2026-01-03 04:17:43.881+00'),
(29, 'nguyengiangb8@gmail.com', '$2b$12$V6FuOMp0rRT82ydSUdVovu5F3RZLUUQXNgDDYtOqzVQu/griX17Le', 'Giang', 'Nguyen', '+84 872 623 272', '2003-05-09', NULL, 'male', 't', 'f', 'active', 1, 0, 0.00, NULL, NULL, NULL, NULL, NULL, 0, NULL, NULL, 'f', NULL, 0, 'Giang Nguyen', NULL, NULL, 't', '2026-02-12 08:25:23.422+00', '2026-02-01 07:05:07.562+00', '2026-02-12 08:25:23.697+00');
INSERT INTO "public"."social_accounts" ("id", "user_id", "google_id", "facebook_id", "created_at", "updated_at") VALUES
(1, 8, 'google_721c2b9e8ea4654a60be7ab0de1fff0c', NULL, '2025-12-19 11:00:52.202363+00', '2025-12-19 11:00:52.202363+00'),
(2, 14, NULL, 'fb_9153f3dd9e612f492341d24faa644752', '2025-12-19 11:00:52.214974+00', '2025-12-19 11:00:52.214974+00'),
(3, 13, 'google_4b888b65c0a79ad023994c8e0013ba86', 'fb_667329d1ab4d893c101e2d5645f8c12d', '2025-12-19 11:00:52.221255+00', '2025-12-19 11:00:52.221255+00'),
(4, 1, 'google_1bb0b4cb308bc4e4e6a6a3b8ba4dfc28', NULL, '2025-12-19 11:00:52.227718+00', '2025-12-19 11:00:52.227718+00'),
(5, 9, NULL, 'fb_7a416028581e3e58a560ef074bcdb737', '2025-12-19 11:00:52.235691+00', '2025-12-19 11:00:52.235691+00'),
(6, 15, 'google_2f97eda68283f47e5f26be930d30b641', 'fb_d1244e8dfeba0e301e71dda663c14315', '2025-12-19 11:00:52.242891+00', '2025-12-19 11:00:52.242891+00');
INSERT INTO "public"."user_sessions" ("id", "user_id", "jti", "ait", "device_user_agent", "device_ip", "device_name", "device_location", "device_fingerprint", "suspicious_count", "revoked", "revoked_reason", "revoked_at", "last_activity_at", "expires_at", "created_at", "updated_at") VALUES
(1, 1, 'MTjt8EkuwDNWbSmPookasnmyarVQNgrKOH9m9z_tU68', 1766142052254, 'Mozilla/5.0 (iPhone; CPU iPhone OS 16_6 like Mac OS X) AppleWebKit/605.1.15', '192.168.207.65', 'Safari on iPhone', 'New York, USA', NULL, 2, 'f', NULL, NULL, '2025-12-19 11:00:52.253988+00', '2026-01-15 18:00:52.254032+00', '2025-12-19 11:00:52.253988+00', '2025-12-19 11:00:52.253988+00'),
(2, 2, 'e0sf1KG7JDLqBcRr7hetrsgrdByy9Jp2MWeG--P0gQ8', 1766142052265, 'Mozilla/5.0 (Macintosh; Intel Mac OS X 10_15_7) AppleWebKit/537.36', '192.168.47.92', 'Firefox on Mac', 'Ho Chi Minh, Vietnam', NULL, 1, 'f', NULL, NULL, '2025-12-19 11:00:52.265236+00', '2026-01-22 18:00:52.26559+00', '2025-12-19 11:00:52.265236+00', '2025-12-19 11:00:52.265236+00'),
(3, 3, 'n67vLLHHoH9_ZlqtYEcmv-2jWP48Gy_mrNLfW7Nmq74', 1766142052272, 'Mozilla/5.0 (iPhone; CPU iPhone OS 16_6 like Mac OS X) AppleWebKit/605.1.15', '192.168.162.161', 'Safari on iPhone', 'Ho Chi Minh, Vietnam', NULL, 0, 'f', NULL, NULL, '2025-12-19 11:00:52.272546+00', '2026-01-14 18:00:52.272806+00', '2025-12-19 11:00:52.272546+00', '2025-12-19 11:00:52.272546+00'),
(4, 4, '4VfqsyCH2y5g2j9VMzBinN9UTnzRT6Ma7YT9H6R3UOI', 1766142052280, 'Mozilla/5.0 (Linux; Android 13; SM-G991B) AppleWebKit/537.36', '192.168.221.112', 'Chrome on Android', 'New York, USA', NULL, 0, 'f', NULL, NULL, '2025-12-19 11:00:52.280343+00', '2026-01-15 18:00:52.280984+00', '2025-12-19 11:00:52.280343+00', '2025-12-19 11:00:52.280343+00'),
(5, 4, 'wMAM72JyL02NxZs9AA7JNBiPSn086NAuNoR-VI0hY2E', 1766142052287, 'Mozilla/5.0 (iPhone; CPU iPhone OS 16_6 like Mac OS X) AppleWebKit/605.1.15', '192.168.13.86', 'Safari on iPhone', 'New York, USA', NULL, 0, 'f', NULL, NULL, '2025-12-19 11:00:52.286775+00', '2026-01-18 18:00:52.287469+00', '2025-12-19 11:00:52.286775+00', '2025-12-19 11:00:52.286775+00'),
(6, 5, 'iAjFdsKNjfqEf93YtXZLS9evWvFYqd67tvnJD_zgWjM', 1766142052293, 'Mozilla/5.0 (iPhone; CPU iPhone OS 16_6 like Mac OS X) AppleWebKit/605.1.15', '192.168.184.94', 'Safari on iPhone', 'Singapore', NULL, 0, 'f', NULL, NULL, '2025-12-19 11:00:52.293207+00', '2026-01-16 18:00:52.29391+00', '2025-12-19 11:00:52.293207+00', '2025-12-19 11:00:52.293207+00'),
(7, 5, 'jl6OTzNeZbrNBFq_kB_zZ-w1TbAF0nVXd37-NkSgb6U', 1766142052300, 'Mozilla/5.0 (Linux; Android 13; SM-G991B) AppleWebKit/537.36', '192.168.72.51', 'Chrome on Android', 'London, UK', NULL, 1, 'f', NULL, NULL, '2025-12-19 11:00:52.300343+00', '2026-01-14 18:00:52.300852+00', '2025-12-19 11:00:52.300343+00', '2025-12-19 11:00:52.300343+00'),
(8, 6, 'O75IjApk4sv_rwwPfOBAt3_Q4rTDO8iLdWgJ_KC6c6s', 1766142052307, 'Mozilla/5.0 (iPhone; CPU iPhone OS 16_6 like Mac OS X) AppleWebKit/605.1.15', '192.168.177.15', 'Safari on iPhone', 'Ho Chi Minh, Vietnam', NULL, 0, 'f', NULL, NULL, '2025-12-19 11:00:52.307289+00', '2026-01-18 18:00:52.307968+00', '2025-12-19 11:00:52.307289+00', '2025-12-19 11:00:52.307289+00'),
(9, 7, 'C_NWO4thDeMxYRNjV5IS9cCEWP0jNpggsImuYcvzKog', 1766142052313, 'Mozilla/5.0 (Macintosh; Intel Mac OS X 10_15_7) AppleWebKit/537.36', '192.168.61.221', 'Firefox on Mac', 'Singapore', NULL, 0, 'f', NULL, NULL, '2025-12-19 11:00:52.313968+00', '2026-01-14 18:00:52.31382+00', '2025-12-19 11:00:52.313968+00', '2025-12-19 11:00:52.313968+00'),
(10, 8, 'MKFmD9O_F-2PGRtz6eHMWRp7oilDVpKJPbpXXmO2Ve0', 1766142052320, 'Mozilla/5.0 (Macintosh; Intel Mac OS X 10_15_7) AppleWebKit/537.36', '192.168.255.175', 'Firefox on Mac', 'Ho Chi Minh, Vietnam', NULL, 0, 'f', NULL, NULL, '2025-12-19 11:00:52.319857+00', '2026-01-19 18:00:52.320442+00', '2025-12-19 11:00:52.319857+00', '2025-12-19 11:00:52.319857+00'),
(11, 8, '_gCwBFDvkAdzHuvOl6xQTmazr04fZPkzK8nzu3nPsSo', 1766142052326, 'Mozilla/5.0 (iPhone; CPU iPhone OS 16_6 like Mac OS X) AppleWebKit/605.1.15', '192.168.15.159', 'Safari on iPhone', 'Ho Chi Minh, Vietnam', NULL, 0, 'f', NULL, NULL, '2025-12-19 11:00:52.325815+00', '2026-01-20 18:00:52.326195+00', '2025-12-19 11:00:52.325815+00', '2025-12-19 11:00:52.325815+00'),
(12, 8, 'ngup0qbyL-Y9Fl_5EFJJsH7G28zhp4r3R0jh-PJ-Psg', 1766142052332, 'Mozilla/5.0 (Linux; Android 13; SM-G991B) AppleWebKit/537.36', '192.168.46.216', 'Chrome on Android', 'Tokyo, Japan', NULL, 0, 'f', NULL, NULL, '2025-12-19 11:00:52.331904+00', '2026-01-21 18:00:52.332372+00', '2025-12-19 11:00:52.331904+00', '2025-12-19 11:00:52.331904+00'),
(13, 9, '8aPK-azj8lNfHQhgKDBM9whJ02F0aX9BoYbviuMJwRw', 1766142052338, 'Mozilla/5.0 (Linux; Android 13; SM-G991B) AppleWebKit/537.36', '192.168.151.115', 'Chrome on Android', 'Ho Chi Minh, Vietnam', NULL, 0, 'f', NULL, NULL, '2025-12-19 11:00:52.33757+00', '2026-01-14 18:00:52.338481+00', '2025-12-19 11:00:52.33757+00', '2025-12-19 11:00:52.33757+00'),
(14, 9, 'he7Ys43Bd2pw_ElXtqTQKALSfHKwgkXskldMS4NIks8', 1766142052345, 'Mozilla/5.0 (Macintosh; Intel Mac OS X 10_15_7) AppleWebKit/537.36', '192.168.172.230', 'Firefox on Mac', 'Singapore', NULL, 0, 'f', NULL, NULL, '2025-12-19 11:00:52.345407+00', '2026-01-13 18:00:52.345252+00', '2025-12-19 11:00:52.345407+00', '2025-12-19 11:00:52.345407+00'),
(15, 9, 'cSL3ITVH97_9L4D74rObBLTZ1wD1kxzBcaZ20RMLX8E', 1766142052351, 'Mozilla/5.0 (Windows NT 10.0; Win64; x64) AppleWebKit/537.36', '192.168.177.225', 'Chrome on Windows', 'London, UK', NULL, 0, 'f', NULL, NULL, '2025-12-19 11:00:52.3517+00', '2026-01-20 18:00:52.351544+00', '2025-12-19 11:00:52.3517+00', '2025-12-19 11:00:52.3517+00'),
(16, 10, 'v0wmmJHHn1cLBVQIgi_StfQPEf2-9flNcaUkFCT4MZc', 1766142052357, 'Mozilla/5.0 (iPhone; CPU iPhone OS 16_6 like Mac OS X) AppleWebKit/605.1.15', '192.168.159.28', 'Safari on iPhone', 'Ho Chi Minh, Vietnam', NULL, 0, 'f', NULL, NULL, '2025-12-19 11:00:52.357529+00', '2026-01-14 18:00:52.357614+00', '2025-12-19 11:00:52.357529+00', '2025-12-19 11:00:52.357529+00'),
(17, 10, 'ZMB8RqTvdwAs-isg_0pyXVzLEAZZbEOYWOdGNqvf3P0', 1766142052363, 'Mozilla/5.0 (Macintosh; Intel Mac OS X 10_15_7) AppleWebKit/537.36', '192.168.47.53', 'Firefox on Mac', 'London, UK', NULL, 0, 'f', NULL, NULL, '2025-12-19 11:00:52.363574+00', '2026-01-15 18:00:52.363611+00', '2025-12-19 11:00:52.363574+00', '2025-12-19 11:00:52.363574+00'),
(18, 10, 'aL7NnanrJecwi2T9h9cQVOAC5r57WXEC8ok7CP1SbB4', 1766142052369, 'Mozilla/5.0 (iPhone; CPU iPhone OS 16_6 like Mac OS X) AppleWebKit/605.1.15', '192.168.140.165', 'Safari on iPhone', 'New York, USA', NULL, 0, 'f', NULL, NULL, '2025-12-19 11:00:52.369566+00', '2026-01-19 18:00:52.3693+00', '2025-12-19 11:00:52.369566+00', '2025-12-19 11:00:52.369566+00'),
(19, 11, 'wrK8VG0kB7IJUGUnuHugMQ2u-iXj3Jh9BxrqH2JiBn4', 1766142052382, 'Mozilla/5.0 (Windows NT 10.0; Win64; x64) AppleWebKit/537.36', '192.168.38.238', 'Chrome on Windows', 'London, UK', NULL, 0, 'f', NULL, NULL, '2025-12-19 11:00:52.382704+00', '2026-01-15 18:00:52.382911+00', '2025-12-19 11:00:52.382704+00', '2025-12-19 11:00:52.382704+00'),
(20, 11, 'TbjptxerNEw-Bcz7tW2cHVN9MuJbDEp5cZjahQZFWP4', 1766142052389, 'Mozilla/5.0 (Macintosh; Intel Mac OS X 10_15_7) AppleWebKit/537.36', '192.168.141.116', 'Firefox on Mac', 'Ho Chi Minh, Vietnam', NULL, 0, 'f', NULL, NULL, '2025-12-19 11:00:52.388996+00', '2026-01-22 18:00:52.389439+00', '2025-12-19 11:00:52.388996+00', '2025-12-19 11:00:52.388996+00'),
(21, 12, 'QqmWj-3q9UEqYld6UrXxh7s466f9hEF3uznog4qf91k', 1766142052395, 'Mozilla/5.0 (Linux; Android 13; SM-G991B) AppleWebKit/537.36', '192.168.12.210', 'Chrome on Android', 'London, UK', NULL, 0, 'f', NULL, NULL, '2025-12-19 11:00:52.395633+00', '2026-01-18 18:00:52.395478+00', '2025-12-19 11:00:52.395633+00', '2025-12-19 11:00:52.395633+00'),
(22, 12, 'EoQ4z990_wAm4uXnqFHIcBvXrhdBNTmM1vuG5ns6hHw', 1766142052403, 'Mozilla/5.0 (Windows NT 10.0; Win64; x64) AppleWebKit/537.36', '192.168.101.229', 'Chrome on Windows', 'Tokyo, Japan', NULL, 0, 'f', NULL, NULL, '2025-12-19 11:00:52.402893+00', '2026-01-19 18:00:52.40357+00', '2025-12-19 11:00:52.402893+00', '2025-12-19 11:00:52.402893+00'),
(23, 13, 'fYd7wvKuvuz8wJjHZUWTJsb6GCFmw57E-o5SGgKY240', 1766142052409, 'Mozilla/5.0 (Macintosh; Intel Mac OS X 10_15_7) AppleWebKit/537.36', '192.168.183.82', 'Firefox on Mac', 'Tokyo, Japan', NULL, 0, 'f', NULL, NULL, '2025-12-19 11:00:52.40893+00', '2026-01-23 18:00:52.409269+00', '2025-12-19 11:00:52.40893+00', '2025-12-19 11:00:52.40893+00'),
(24, 14, 'q3BMomLpHC8sP0D_e3G1JEHuQRe88I1fGPyV_ENnijk', 1766142052417, 'Mozilla/5.0 (Linux; Android 13; SM-G991B) AppleWebKit/537.36', '192.168.146.222', 'Chrome on Android', 'New York, USA', NULL, 0, 'f', NULL, NULL, '2025-12-19 11:00:52.416853+00', '2026-01-15 18:00:52.417555+00', '2025-12-19 11:00:52.416853+00', '2025-12-19 11:00:52.416853+00'),
(25, 14, 'ILFcqXtro1t1ogKo433-QRtMKpApA7H-rNagKhqUTyQ', 1766142052425, 'Mozilla/5.0 (Macintosh; Intel Mac OS X 10_15_7) AppleWebKit/537.36', '192.168.11.118', 'Firefox on Mac', 'New York, USA', NULL, 0, 'f', NULL, NULL, '2025-12-19 11:00:52.42492+00', '2026-01-18 18:00:52.425246+00', '2025-12-19 11:00:52.42492+00', '2025-12-19 11:00:52.42492+00'),
(26, 14, '9gqPOjPqLkrcZVrUhTG-Nan741sLc5HhpqQ5ptNeUKM', 1766142052431, 'Mozilla/5.0 (Macintosh; Intel Mac OS X 10_15_7) AppleWebKit/537.36', '192.168.249.58', 'Firefox on Mac', 'London, UK', NULL, 0, 'f', NULL, NULL, '2025-12-19 11:00:52.431641+00', '2026-01-21 18:00:52.431826+00', '2025-12-19 11:00:52.431641+00', '2025-12-19 11:00:52.431641+00'),
(27, 15, 'OTwtZah9KGdvoLz-UpSFguDx6UnhmasjMoipUvWglM4', 1766142052438, 'Mozilla/5.0 (iPhone; CPU iPhone OS 16_6 like Mac OS X) AppleWebKit/605.1.15', '192.168.46.27', 'Safari on iPhone', 'Tokyo, Japan', NULL, 0, 'f', NULL, NULL, '2025-12-19 11:00:52.438466+00', '2026-01-17 18:00:52.438457+00', '2025-12-19 11:00:52.438466+00', '2025-12-19 11:00:52.438466+00'),
(28, 15, 'DamtPbBM6lLAG1h6ChEzWfDlfsCipPoRuRRNJv4N1As', 1766142052444, 'Mozilla/5.0 (Linux; Android 13; SM-G991B) AppleWebKit/537.36', '192.168.180.28', 'Chrome on Android', 'Singapore', NULL, 0, 'f', NULL, NULL, '2025-12-19 11:00:52.444526+00', '2026-01-23 18:00:52.444605+00', '2025-12-19 11:00:52.444526+00', '2025-12-19 11:00:52.444526+00'),
(29, 16, 'x0zr5jdNlw8nADJLiORzvHaUmdusm9to96CjoEOEBuY', 1766142052450, 'Mozilla/5.0 (Linux; Android 13; SM-G991B) AppleWebKit/537.36', '192.168.213.126', 'Chrome on Android', 'London, UK', NULL, 0, 'f', NULL, NULL, '2025-12-19 11:00:52.451121+00', '2026-01-19 18:00:52.450976+00', '2025-12-19 11:00:52.451121+00', '2025-12-19 11:00:52.451121+00'),
(30, 16, 'GNfZXXpHhy2yYS0rhdI0aK9XevVckT5ikcamMe3mRAY', 1766142052457, 'Mozilla/5.0 (Macintosh; Intel Mac OS X 10_15_7) AppleWebKit/537.36', '192.168.178.127', 'Firefox on Mac', 'New York, USA', NULL, 1, 'f', NULL, NULL, '2025-12-19 11:00:52.45717+00', '2026-01-19 18:00:52.457538+00', '2025-12-19 11:00:52.45717+00', '2025-12-19 11:00:52.45717+00'),
(31, 16, 'Fa7TFmSb7jhaiR3vWtmmr1hPnkCT3loUwJe_9PRbC-E', 1766142052463, 'Mozilla/5.0 (Linux; Android 13; SM-G991B) AppleWebKit/537.36', '192.168.153.137', 'Chrome on Android', 'Tokyo, Japan', NULL, 0, 'f', NULL, NULL, '2025-12-19 11:00:52.46306+00', '2026-01-20 18:00:52.463078+00', '2025-12-19 11:00:52.46306+00', '2025-12-19 11:00:52.46306+00'),
(32, 17, 'AMVn6NaZAiEFKU4v0Vi5mDyGBadlWtnn0tgNH1aTV4k', 1766142052469, 'Mozilla/5.0 (Windows NT 10.0; Win64; x64) AppleWebKit/537.36', '192.168.15.227', 'Chrome on Windows', 'Tokyo, Japan', NULL, 0, 'f', NULL, NULL, '2025-12-19 11:00:52.468847+00', '2026-01-18 18:00:52.46931+00', '2025-12-19 11:00:52.468847+00', '2025-12-19 11:00:52.468847+00'),
(33, 17, '0a3Xax9otF-bQpZwDotql3exws58sPkf5uzbGODEFhY', 1766142052477, 'Mozilla/5.0 (Linux; Android 13; SM-G991B) AppleWebKit/537.36', '192.168.45.84', 'Chrome on Android', 'New York, USA', NULL, 0, 'f', NULL, NULL, '2025-12-19 11:00:52.477249+00', '2026-01-17 18:00:52.477882+00', '2025-12-19 11:00:52.477249+00', '2025-12-19 11:00:52.477249+00'),
(52, 29, '4c5cb005-ce14-406a-882a-38cd124ebd64', 1770013054103, 'PostmanRuntime/7.51.1', '::1', NULL, NULL, NULL, 0, 'f', NULL, NULL, '2026-02-02 06:17:33.826+00', '2026-03-04 06:17:34+00', '2026-02-02 06:17:34.108+00', '2026-02-02 06:17:34.108+00'),
(53, 29, '47a36c23-f996-4f76-ad20-ffed2edaa0e5', 1770884723746, 'PostmanRuntime/7.51.1', '::1', NULL, NULL, NULL, 0, 'f', NULL, NULL, '2026-02-12 08:25:23.422+00', '2026-03-14 08:25:23+00', '2026-02-12 08:25:23.752+00', '2026-02-12 08:25:23.752+00');
INSERT INTO "public"."token_blacklist" ("id", "user_id", "token_hash", "token_type", "blacklisted_at", "expires_at", "reason", "created_at") VALUES
(1, 7, '47cb8dc1903db7e440222133c2b90349214c2ed397b3967a8a0c6cf2a91050ba', 'access', '2025-12-19 11:00:52.488552+00', '2026-01-08 18:00:52.488545+00', 'suspicious_activity', '2025-12-19 11:00:52.488552+00'),
(2, 8, '384a5dd59c614f6258b304fe8e7f6c94707c8f8c45a7a8ae2ab0df866e150228', 'access', '2025-12-19 11:00:52.496423+00', '2026-01-02 18:00:52.496862+00', 'logout', '2025-12-19 11:00:52.496423+00'),
(3, 16, 'a3ffc1f440243f97d5dee71477f06496f84630a99643a0c9d929fd3f3c94e70d', 'access', '2025-12-19 11:00:52.502734+00', '2026-01-18 18:00:52.503399+00', 'password_change', '2025-12-19 11:00:52.502734+00'),
(4, 4, 'db604384bb1e458442b83f96e50b86c41248148e0a4a5918f0e0e25cef026c9b', 'access', '2025-12-19 11:00:52.509866+00', '2025-12-31 18:00:52.510139+00', 'suspicious_activity', '2025-12-19 11:00:52.509866+00'),
(5, 16, 'ab4b71bbd93f8eb179dfe22b8fac931e4784e2a397bfe02808c53e9a0362f25d', 'access', '2025-12-19 11:00:52.518828+00', '2026-01-02 18:00:52.519558+00', 'password_change', '2025-12-19 11:00:52.518828+00');
INSERT INTO "public"."shipping_address" ("id", "address_line", "ward", "district", "city", "is_default", "user_id", "created_at", "updated_at") VALUES
(1, '86390 Mccarthy Harbors', 'berg', 'North Shannonfort', 'Connecticut', 't', 1, '2025-12-19 11:00:52.530364+00', '2025-12-19 11:00:52.530364+00'),
(2, '6139 Pamela Vista Suite 102', 'side', 'Washingtonchester', 'Kentucky', 't', 2, '2025-12-19 11:00:52.538679+00', '2025-12-19 11:00:52.538679+00'),
(3, '22370 Dakota Orchard Suite 544', 'berg', 'Lake Sarah', 'Oklahoma', 't', 3, '2025-12-19 11:00:52.546456+00', '2025-12-19 11:00:52.546456+00'),
(4, '0275 Melissa Village Apt. 866', 'view', 'Lake Roberto', 'Ohio', 't', 4, '2025-12-19 11:00:52.552592+00', '2025-12-19 11:00:52.552592+00'),
(5, '08084 Raymond Highway Apt. 609', 'bury', 'Brayfort', 'Arizona', 'f', 4, '2025-12-19 11:00:52.558532+00', '2025-12-19 11:00:52.558532+00'),
(6, '965 Miles Garden', 'fort', 'Kellyside', 'Ohio', 't', 5, '2025-12-19 11:00:52.565188+00', '2025-12-19 11:00:52.565188+00'),
(7, '6591 Gutierrez Light Apt. 165', 'berg', 'Rodriguezport', 'West Virginia', 't', 6, '2025-12-19 11:00:52.571136+00', '2025-12-19 11:00:52.571136+00'),
(8, '59045 Matthew Club', 'furt', 'Port Ronaldtown', 'Alabama', 't', 7, '2025-12-19 11:00:52.577443+00', '2025-12-19 11:00:52.577443+00'),
(9, '80899 Claudia Fall Suite 237', 'shire', 'Rickyfort', 'Wisconsin', 't', 8, '2025-12-19 11:00:52.585107+00', '2025-12-19 11:00:52.585107+00'),
(10, '85813 Hall Cliffs', 'berg', 'Deborahshire', 'Pennsylvania', 'f', 8, '2025-12-19 11:00:52.591544+00', '2025-12-19 11:00:52.591544+00'),
(11, '83981 Malone Pines Suite 821', 'burgh', 'Sawyerville', 'Georgia', 't', 9, '2025-12-19 11:00:52.597512+00', '2025-12-19 11:00:52.597512+00'),
(12, '956 Patty Crossroad Suite 936', 'shire', 'Lake Sarah', 'Louisiana', 't', 10, '2025-12-19 11:00:52.602611+00', '2025-12-19 11:00:52.602611+00');
INSERT INTO "public"."size_category" ("id", "size_cat_name") VALUES
(1, 'top_size'),
(2, 'bottom_size'),
(3, 'shoe_size');
INSERT INTO "public"."size_option" ("id", "size_name", "sort_order", "size_cat_id") VALUES
(1, 'S', 0, 1),
(2, 'M', 1, 1),
(3, 'L', 2, 1),
(4, 'XL', 3, 1),
(5, 'XXL', 4, 1),
(6, '30', 0, 2),
(7, '32', 1, 2),
(8, '34', 2, 2),
(9, '36', 3, 2),
(10, '38', 4, 2),
(11, '40', 0, 3),
(12, '41', 1, 3),
(13, '42', 2, 3),
(14, '43', 3, 3),
(15, '44', 4, 3);
INSERT INTO "public"."category" ("id", "category_name", "status", "parent_cat_id", "size_cat_id", "created_at", "updated_at") VALUES
(1, 'T-SHIRTS', 1, NULL, NULL, '2025-12-19 11:00:52.744973+00', '2025-12-19 11:00:52.744973+00'),
(2, 'GRAPHICS', 1, 1, 1, '2025-12-19 11:00:52.752263+00', '2025-12-19 11:00:52.752263+00'),
(3, 'BASICS', 1, 1, 1, '2025-12-19 11:00:52.75862+00', '2025-12-19 11:00:52.75862+00'),
(4, 'POLOS', 1, NULL, 1, '2025-12-19 11:00:52.766368+00', '2025-12-19 11:00:52.766368+00'),
(5, 'SWEATSHIRTS & HOODIES', 1, NULL, 1, '2025-12-19 11:00:52.77294+00', '2025-12-19 11:00:52.77294+00'),
(6, 'SHIRTS', 1, NULL, NULL, '2025-12-19 11:00:52.780382+00', '2025-12-19 11:00:52.780382+00'),
(7, 'PRINTS', 1, 6, 1, '2025-12-19 11:00:52.786868+00', '2025-12-19 11:00:52.786868+00'),
(8, 'PLAIN', 1, 6, 1, '2025-12-19 11:00:52.792876+00', '2025-12-19 11:00:52.792876+00'),
(9, 'JACKETS', 1, NULL, NULL, '2025-12-19 11:00:52.799043+00', '2025-12-19 11:00:52.799043+00'),
(10, 'DENIM', 1, 9, 1, '2025-12-19 11:00:52.804563+00', '2025-12-19 11:00:52.804563+00'),
(11, 'RAINCOAT', 1, 9, 1, '2025-12-19 11:00:52.810318+00', '2025-12-19 11:00:52.810318+00'),
(12, 'JEANS', 1, NULL, NULL, '2025-12-19 11:00:52.815896+00', '2025-12-19 11:00:52.815896+00'),
(13, 'BAGGY', 1, 12, 2, '2025-12-19 11:00:52.821661+00', '2025-12-19 11:00:52.821661+00'),
(14, 'SKINNY', 1, 12, 2, '2025-12-19 11:00:52.829232+00', '2025-12-19 11:00:52.829232+00'),
(15, 'SLIM', 1, 12, 2, '2025-12-19 11:00:52.83558+00', '2025-12-19 11:00:52.83558+00'),
(16, 'TROUSERS', 1, NULL, NULL, '2025-12-19 11:00:52.841656+00', '2025-12-19 11:00:52.841656+00'),
(17, 'JOGGERS', 1, 16, 2, '2025-12-19 11:00:52.847857+00', '2025-12-19 11:00:52.847857+00'),
(18, 'CARGO', 1, 16, 2, '2025-12-19 11:00:52.853891+00', '2025-12-19 11:00:52.853891+00'),
(19, 'SHORTS', 1, NULL, NULL, '2025-12-19 11:00:52.85972+00', '2025-12-19 11:00:52.85972+00'),
(20, 'DENIM', 1, 19, 2, '2025-12-19 11:00:52.864974+00', '2025-12-19 11:00:52.864974+00'),
(21, 'CARGO', 1, 19, 2, '2025-12-19 11:00:52.870686+00', '2025-12-19 11:00:52.870686+00'),
(22, 'JOGGERS', 1, 19, 2, '2025-12-19 11:00:52.876228+00', '2025-12-19 11:00:52.876228+00'),
(23, 'SHOES', 1, NULL, 3, '2025-12-19 11:00:52.88149+00', '2025-12-19 11:00:52.88149+00');
INSERT INTO "public"."product" ("id", "product_name", "product_description", "product_material", "care_instructions", "about", "category_id", "status", "is_draft", "is_published", "product_slug", "ratings_average", "ratings_count", "created_at", "updated_at") VALUES
(1, 'T-shirts Regular Rate', 'Stylish t-shirts for modern men. Guess teacher one pressure loss into already story protect sure.', 'Stretch Fabric', 'Machine wash cold', 'Elevate your wardrobe with this premium t-shirts. Perfect for business meetings.', 1, 1, 'f', 't', 't-shirts-regular-rate-754', 2.70, 90, '2025-12-19 11:00:52.893126+00', '2025-12-19 11:00:52.893126+00'),
(2, 'T-shirts Regular Though', 'Stylish t-shirts for modern men. Tell life network chance say face doctor education above.', 'Organic Cotton', 'Gentle cycle', 'Elevate your wardrobe with this premium t-shirts. Perfect for special occasions.', 1, 1, 't', 'f', 't-shirts-regular-though-374', 5.00, 62, '2025-12-19 11:00:53.089581+00', '2025-12-19 11:00:53.089581+00'),
(3, 'Graphics Vintage House', 'Stylish graphics for modern men. Plan window red ever.', 'Stretch Fabric', 'Hand wash recommended', 'Elevate your wardrobe with this premium graphics. Perfect for casual outings.', 2, 1, 'f', 't', 'graphics-vintage-house-534', 3.60, 4, '2025-12-19 11:00:53.278084+00', '2025-12-19 11:00:53.278084+00'),
(4, 'Graphics Slim Market', 'Stylish graphics for modern men. Art add explain interview room turn computer yeah feeling.', 'Stretch Fabric', 'Hand wash recommended', 'Elevate your wardrobe with this premium graphics. Perfect for casual outings.', 2, 1, 'f', 't', 'graphics-slim-market-465', 3.10, 29, '2025-12-19 11:00:53.464334+00', '2025-12-19 11:00:53.464334+00'),
(5, 'Graphics Vintage Push', 'Stylish graphics for modern men. South sister order crime see stay indicate final true.', 'Premium Cotton', 'Hand wash recommended', 'Elevate your wardrobe with this premium graphics. Perfect for special occasions.', 2, 1, 'f', 't', 'graphics-vintage-push-171', 1.70, 132, '2025-12-19 11:00:53.647661+00', '2025-12-19 11:00:53.647661+00'),
(6, 'Basics Relaxed High', 'Stylish basics for modern men. Go go see this low itself.', 'Stretch Fabric', 'Gentle cycle', 'Elevate your wardrobe with this premium basics. Perfect for casual outings.', 3, 1, 'f', 't', 'basics-relaxed-high-106', 5.00, 25, '2025-12-19 11:00:53.823269+00', '2025-12-19 11:00:53.823269+00'),
(7, 'Basics Premium Pressure', 'Stylish basics for modern men. Recent sense tough dark unit cut ten left.', 'Stretch Fabric', 'Gentle cycle', 'Elevate your wardrobe with this premium basics. Perfect for weekend wear.', 3, 1, 'f', 't', 'basics-premium-pressure-818', 4.70, 107, '2025-12-19 11:00:53.997928+00', '2025-12-19 11:00:53.997928+00'),
(8, 'Polos Relaxed True', 'Stylish polos for modern men. Enough cultural surface work style task tough admit certainly exist.', 'Premium Cotton', 'Hand wash recommended', 'Elevate your wardrobe with this premium polos. Perfect for casual outings.', 4, 1, 't', 'f', 'polos-relaxed-true-723', 5.00, 78, '2025-12-19 11:00:54.18377+00', '2025-12-19 11:00:54.18377+00'),
(9, 'Polos Vintage Blood', 'Stylish polos for modern men. Decide respond laugh day yourself we happen.', 'Stretch Fabric', 'Machine wash cold', 'Elevate your wardrobe with this premium polos. Perfect for casual outings.', 4, 1, 't', 'f', 'polos-vintage-blood-897', 4.30, 93, '2025-12-19 11:00:54.359218+00', '2025-12-19 11:00:54.359218+00'),
(10, 'Polos Sport Anyone', 'Stylish polos for modern men. Teach tree main various see response shoulder along instead unit.', 'Denim', 'Machine wash cold', 'Elevate your wardrobe with this premium polos. Perfect for weekend wear.', 4, 1, 't', 'f', 'polos-sport-anyone-777', 4.50, 140, '2025-12-19 11:00:54.541963+00', '2025-12-19 11:00:54.541963+00'),
(11, 'Sweatshirts & hoodies Business Owner', 'Stylish sweatshirts & hoodies for modern men. Speak health them up real here cup term over.', 'Linen Blend', 'Gentle cycle', 'Elevate your wardrobe with this premium sweatshirts & hoodies. Perfect for special occasions.', 5, 1, 'f', 't', 'sweatshirts-hoodies-business-owner-733', 1.90, 116, '2025-12-19 11:00:54.735603+00', '2025-12-19 11:00:54.735603+00'),
(12, 'Sweatshirts & hoodies Business Pull', 'Stylish sweatshirts & hoodies for modern men. Candidate become contain section similar television different window activity certainly similar.', 'Organic Cotton', 'Dry clean only', 'Elevate your wardrobe with this premium sweatshirts & hoodies. Perfect for business meetings.', 5, 1, 'f', 't', 'sweatshirts-hoodies-business-pull-843', 3.20, 37, '2025-12-19 11:00:54.917974+00', '2025-12-19 11:00:54.917974+00'),
(13, 'Sweatshirts & hoodies Slim Campaign', 'Stylish sweatshirts & hoodies for modern men. Station throw write attention school middle involve.', 'Wool', 'Dry clean only', 'Elevate your wardrobe with this premium sweatshirts & hoodies. Perfect for special occasions.', 5, 1, 'f', 't', 'sweatshirts-hoodies-slim-campaign-482', 2.10, 140, '2025-12-19 11:00:55.095106+00', '2025-12-19 11:00:55.095106+00'),
(14, 'Shirts Vintage Very', 'Stylish shirts for modern men. Forward score source natural including draw risk plan speech alone.', 'Organic Cotton', 'Hand wash recommended', 'Elevate your wardrobe with this premium shirts. Perfect for special occasions.', 6, 1, 'f', 't', 'shirts-vintage-very-292', 5.00, 90, '2025-12-19 11:00:55.277965+00', '2025-12-19 11:00:55.277965+00'),
(15, 'Shirts Sport Third', 'Stylish shirts for modern men. Challenge beautiful technology those animal.', 'Stretch Fabric', 'Gentle cycle', 'Elevate your wardrobe with this premium shirts. Perfect for casual outings.', 6, 1, 'f', 't', 'shirts-sport-third-739', 5.00, 41, '2025-12-19 11:00:55.457138+00', '2025-12-19 11:00:55.457138+00'),
(16, 'Shirts Vintage Site', 'Stylish shirts for modern men. Item animal picture participant none consider station bank.', 'Organic Cotton', 'Hand wash recommended', 'Elevate your wardrobe with this premium shirts. Perfect for weekend wear.', 6, 1, 'f', 't', 'shirts-vintage-site-732', 5.00, 87, '2025-12-19 11:00:55.643017+00', '2025-12-19 11:00:55.643017+00'),
(17, 'Prints Business Why', 'Stylish prints for modern men. Threat major sure brother by Democrat reduce position former.', 'Stretch Fabric', 'Dry clean only', 'Elevate your wardrobe with this premium prints. Perfect for casual outings.', 7, 1, 'f', 't', 'prints-business-why-845', 2.30, 51, '2025-12-19 11:00:55.827718+00', '2025-12-19 11:00:55.827718+00'),
(18, 'Prints Slim Particularly', 'Stylish prints for modern men. She industry five us several easy.', 'Stretch Fabric', 'Machine wash cold', 'Elevate your wardrobe with this premium prints. Perfect for casual outings.', 7, 1, 'f', 't', 'prints-slim-particularly-172', 3.60, 134, '2025-12-19 11:00:56.026845+00', '2025-12-19 11:00:56.026845+00'),
(19, 'Prints Classic Government', 'Stylish prints for modern men. Staff series window report thus public face world manage impact.', 'Linen Blend', 'Dry clean only', 'Elevate your wardrobe with this premium prints. Perfect for business meetings.', 7, 1, 'f', 't', 'prints-classic-government-655', 4.50, 88, '2025-12-19 11:00:56.2159+00', '2025-12-19 11:00:56.2159+00'),
(20, 'Prints Modern Minute', 'Stylish prints for modern men. Personal bill president sign benefit point.', 'Denim', 'Hand wash recommended', 'Elevate your wardrobe with this premium prints. Perfect for casual outings.', 7, 1, 'f', 't', 'prints-modern-minute-455', 5.00, 91, '2025-12-19 11:00:56.407913+00', '2025-12-19 11:00:56.407913+00'),
(21, 'Plain Modern Camera', 'Stylish plain for modern men. About throughout relationship information recent.', 'Linen Blend', 'Gentle cycle', 'Elevate your wardrobe with this premium plain. Perfect for business meetings.', 8, 1, 'f', 't', 'plain-modern-camera-461', 5.00, 27, '2025-12-19 11:00:56.608303+00', '2025-12-19 11:00:56.608303+00'),
(22, 'Plain Slim Receive', 'Stylish plain for modern men. Bill huge spring agree develop important window.', 'Wool', 'Gentle cycle', 'Elevate your wardrobe with this premium plain. Perfect for weekend wear.', 8, 1, 'f', 't', 'plain-slim-receive-602', 4.20, 136, '2025-12-19 11:00:56.840187+00', '2025-12-19 11:00:56.840187+00'),
(23, 'Plain Classic Anyone', 'Stylish plain for modern men. Stand media result measure sea food find happen those check cell.', 'Linen Blend', 'Machine wash cold', 'Elevate your wardrobe with this premium plain. Perfect for special occasions.', 8, 1, 't', 'f', 'plain-classic-anyone-623', 3.70, 71, '2025-12-19 11:00:57.058277+00', '2025-12-19 11:00:57.058277+00'),
(24, 'Plain Urban Story', 'Stylish plain for modern men. Phone kid when front nature yeah past ok.', 'Linen Blend', 'Dry clean only', 'Elevate your wardrobe with this premium plain. Perfect for business meetings.', 8, 1, 't', 'f', 'plain-urban-story-486', 0.10, 140, '2025-12-19 11:00:57.298462+00', '2025-12-19 11:00:57.298462+00'),
(25, 'Jackets Classic Trial', 'Stylish jackets for modern men. Talk really my ago commercial old war east.', 'Wool', 'Machine wash cold', 'Elevate your wardrobe with this premium jackets. Perfect for weekend wear.', 9, 1, 't', 'f', 'jackets-classic-trial-676', 3.30, 78, '2025-12-19 11:00:57.508607+00', '2025-12-19 11:00:57.508607+00'),
(26, 'Jackets Premium Pass', 'Stylish jackets for modern men. Career image friend family box popular listen person song.', 'Stretch Fabric', 'Gentle cycle', 'Elevate your wardrobe with this premium jackets. Perfect for weekend wear.', 9, 1, 'f', 't', 'jackets-premium-pass-392', 4.90, 56, '2025-12-19 11:00:57.708249+00', '2025-12-19 11:00:57.708249+00'),
(27, 'Jackets Business Trouble', 'Stylish jackets for modern men. Buy small including president note forget class both meeting my.', 'Premium Cotton', 'Hand wash recommended', 'Elevate your wardrobe with this premium jackets. Perfect for casual outings.', 9, 1, 'f', 't', 'jackets-business-trouble-317', 2.60, 114, '2025-12-19 11:00:57.884521+00', '2025-12-19 11:00:57.884521+00'),
(28, 'Denim Business Choice', 'Stylish denim for modern men. Stay minute everyone draw drive travel direction.', 'Organic Cotton', 'Machine wash cold', 'Elevate your wardrobe with this premium denim. Perfect for special occasions.', 20, 1, 'f', 't', 'denim-business-choice-423', 4.20, 137, '2025-12-19 11:00:58.070079+00', '2025-12-19 11:00:58.070079+00'),
(29, 'Denim Premium Couple', 'Stylish denim for modern men. Seat management cost yourself gun foreign cost man.', 'Stretch Fabric', 'Gentle cycle', 'Elevate your wardrobe with this premium denim. Perfect for business meetings.', 20, 1, 'f', 't', 'denim-premium-couple-942', 5.00, 98, '2025-12-19 11:00:58.252633+00', '2025-12-19 11:00:58.252633+00'),
(30, 'Raincoat Business Subject', 'Stylish raincoat for modern men. Trade practice almost model test.', 'Denim', 'Machine wash cold', 'Elevate your wardrobe with this premium raincoat. Perfect for weekend wear.', 11, 1, 'f', 't', 'raincoat-business-subject-629', 3.90, 71, '2025-12-19 11:00:58.435567+00', '2025-12-19 11:00:58.435567+00'),
(31, 'Raincoat Premium Beat', 'Stylish raincoat for modern men. Score build couple four capital sell wish deep pick.', 'Premium Cotton', 'Hand wash recommended', 'Elevate your wardrobe with this premium raincoat. Perfect for business meetings.', 11, 1, 'f', 't', 'raincoat-premium-beat-233', 3.60, 33, '2025-12-19 11:00:58.630034+00', '2025-12-19 11:00:58.630034+00'),
(32, 'Raincoat Urban Event', 'Stylish raincoat for modern men. Image bag main president pressure.', 'Denim', 'Machine wash cold', 'Elevate your wardrobe with this premium raincoat. Perfect for special occasions.', 11, 1, 'f', 't', 'raincoat-urban-event-672', 2.70, 116, '2025-12-19 11:00:58.828862+00', '2025-12-19 11:00:58.828862+00'),
(33, 'Jeans Business Pass', 'Stylish jeans for modern men. Civil many paper star pass explain attorney.', 'Premium Cotton', 'Gentle cycle', 'Elevate your wardrobe with this premium jeans. Perfect for weekend wear.', 12, 1, 't', 'f', 'jeans-business-pass-470', 4.10, 62, '2025-12-19 11:00:59.087898+00', '2025-12-19 11:00:59.087898+00'),
(34, 'Jeans Business Modern', 'Stylish jeans for modern men. Total likely yourself order name everybody evening business win.', 'Denim', 'Machine wash cold', 'Elevate your wardrobe with this premium jeans. Perfect for weekend wear.', 12, 1, 'f', 't', 'jeans-business-modern-907', 4.90, 106, '2025-12-19 11:00:59.284882+00', '2025-12-19 11:00:59.284882+00'),
(35, 'Jeans Sport Road', 'Stylish jeans for modern men. City season president five spring easy which have believe.', 'Organic Cotton', 'Hand wash recommended', 'Elevate your wardrobe with this premium jeans. Perfect for casual outings.', 12, 1, 'f', 't', 'jeans-sport-road-607', 4.20, 139, '2025-12-19 11:00:59.488198+00', '2025-12-19 11:00:59.488198+00'),
(36, 'Baggy Regular Decide', 'Stylish baggy for modern men. Would during able pressure nation it activity about.', 'Premium Cotton', 'Machine wash cold', 'Elevate your wardrobe with this premium baggy. Perfect for business meetings.', 13, 1, 'f', 't', 'baggy-regular-decide-807', 5.00, 69, '2025-12-19 11:00:59.775497+00', '2025-12-19 11:00:59.775497+00'),
(37, 'Baggy Relaxed Often', 'Stylish baggy for modern men. By similar later base like bag assume.', 'Linen Blend', 'Dry clean only', 'Elevate your wardrobe with this premium baggy. Perfect for special occasions.', 13, 1, 'f', 't', 'baggy-relaxed-often-508', 5.00, 87, '2025-12-19 11:01:00.021593+00', '2025-12-19 11:01:00.021593+00'),
(38, 'Baggy Premium Later', 'Stylish baggy for modern men. Report responsibility still whom risk item what question senior shake risk.', 'Stretch Fabric', 'Dry clean only', 'Elevate your wardrobe with this premium baggy. Perfect for weekend wear.', 13, 1, 'f', 't', 'baggy-premium-later-875', 3.50, 64, '2025-12-19 11:01:00.285701+00', '2025-12-19 11:01:00.285701+00'),
(39, 'Baggy Regular Trial', 'Stylish baggy for modern men. Prepare hold measure foot success.', 'Denim', 'Dry clean only', 'Elevate your wardrobe with this premium baggy. Perfect for weekend wear.', 13, 1, 'f', 't', 'baggy-regular-trial-991', 3.60, 133, '2025-12-19 11:01:00.478535+00', '2025-12-19 11:01:00.478535+00'),
(40, 'Skinny Sport Opportunity', 'Stylish skinny for modern men. Apply enjoy stay often yard high play.', 'Linen Blend', 'Hand wash recommended', 'Elevate your wardrobe with this premium skinny. Perfect for special occasions.', 14, 1, 'f', 't', 'skinny-sport-opportunity-648', 5.00, 24, '2025-12-19 11:01:00.655958+00', '2025-12-19 11:01:00.655958+00'),
(41, 'Skinny Modern Site', 'Stylish skinny for modern men. Right word word beautiful produce partner tree decide half.', 'Organic Cotton', 'Gentle cycle', 'Elevate your wardrobe with this premium skinny. Perfect for casual outings.', 14, 1, 't', 'f', 'skinny-modern-site-289', 5.00, 120, '2025-12-19 11:01:00.823229+00', '2025-12-19 11:01:00.823229+00'),
(42, 'Slim Slim Must', 'Stylish slim for modern men. Century product these black care wide.', 'Wool', 'Hand wash recommended', 'Elevate your wardrobe with this premium slim. Perfect for business meetings.', 15, 1, 'f', 't', 'slim-slim-must-639', 3.10, 109, '2025-12-19 11:01:01.028561+00', '2025-12-19 11:01:01.028561+00'),
(43, 'Slim Classic Way', 'Stylish slim for modern men. Question develop something manager pressure without option present fall.', 'Wool', 'Machine wash cold', 'Elevate your wardrobe with this premium slim. Perfect for business meetings.', 15, 1, 't', 'f', 'slim-classic-way-379', 0.80, 56, '2025-12-19 11:01:01.220966+00', '2025-12-19 11:01:01.220966+00'),
(44, 'Slim Vintage Our', 'Stylish slim for modern men. Mr pull end second talk away story seem.', 'Linen Blend', 'Gentle cycle', 'Elevate your wardrobe with this premium slim. Perfect for business meetings.', 15, 1, 'f', 't', 'slim-vintage-our-537', 3.50, 40, '2025-12-19 11:01:01.40362+00', '2025-12-19 11:01:01.40362+00'),
(45, 'Trousers Slim Natural', 'Stylish trousers for modern men. Financial business clearly question maintain.', 'Linen Blend', 'Gentle cycle', 'Elevate your wardrobe with this premium trousers. Perfect for casual outings.', 16, 1, 't', 'f', 'trousers-slim-natural-937', 2.40, 2, '2025-12-19 11:01:01.585268+00', '2025-12-19 11:01:01.585268+00'),
(46, 'Trousers Sport Station', 'Stylish trousers for modern men. Feel condition can listen perhaps blue near career over still.', 'Premium Cotton', 'Machine wash cold', 'Elevate your wardrobe with this premium trousers. Perfect for weekend wear.', 16, 1, 'f', 't', 'trousers-sport-station-794', 3.00, 31, '2025-12-19 11:01:01.757324+00', '2025-12-19 11:01:01.757324+00'),
(47, 'Trousers Relaxed Miss', 'Stylish trousers for modern men. When summer animal threat stage our.', 'Premium Cotton', 'Dry clean only', 'Elevate your wardrobe with this premium trousers. Perfect for casual outings.', 16, 1, 'f', 't', 'trousers-relaxed-miss-576', 3.30, 43, '2025-12-19 11:01:01.927456+00', '2025-12-19 11:01:01.927456+00'),
(48, 'Joggers Relaxed Form', 'Stylish joggers for modern men. Different others product threat eight leg movie.', 'Organic Cotton', 'Dry clean only', 'Elevate your wardrobe with this premium joggers. Perfect for weekend wear.', 22, 1, 'f', 't', 'joggers-relaxed-form-866', 5.00, 18, '2025-12-19 11:01:02.108971+00', '2025-12-19 11:01:02.108971+00'),
(49, 'Joggers Premium Part', 'Stylish joggers for modern men. Town rise tax education under meet director contain available.', 'Premium Cotton', 'Machine wash cold', 'Elevate your wardrobe with this premium joggers. Perfect for weekend wear.', 22, 1, 'f', 't', 'joggers-premium-part-783', 4.80, 109, '2025-12-19 11:01:02.278357+00', '2025-12-19 11:01:02.278357+00'),
(50, 'Joggers Vintage Late', 'Stylish joggers for modern men. Sure identify budget also chair adult family.', 'Linen Blend', 'Machine wash cold', 'Elevate your wardrobe with this premium joggers. Perfect for special occasions.', 22, 1, 't', 'f', 'joggers-vintage-late-617', 1.30, 69, '2025-12-19 11:01:02.46337+00', '2025-12-19 11:01:02.46337+00'),
(51, 'Joggers Slim After', 'Stylish joggers for modern men. Effect program either figure.', 'Stretch Fabric', 'Hand wash recommended', 'Elevate your wardrobe with this premium joggers. Perfect for casual outings.', 22, 1, 'f', 't', 'joggers-slim-after-465', 5.00, 14, '2025-12-19 11:01:02.660356+00', '2025-12-19 11:01:02.660356+00'),
(52, 'Cargo Modern Cold', 'Stylish cargo for modern men. Black star wind them technology space side ready read buy machine.', 'Wool', 'Machine wash cold', 'Elevate your wardrobe with this premium cargo. Perfect for weekend wear.', 21, 1, 't', 'f', 'cargo-modern-cold-887', 5.00, 91, '2025-12-19 11:01:02.855172+00', '2025-12-19 11:01:02.855172+00'),
(53, 'Cargo Slim Police', 'Stylish cargo for modern men. Effect early game administration push effect last newspaper.', 'Denim', 'Dry clean only', 'Elevate your wardrobe with this premium cargo. Perfect for weekend wear.', 21, 1, 'f', 't', 'cargo-slim-police-901', 5.00, 130, '2025-12-19 11:01:03.047999+00', '2025-12-19 11:01:03.047999+00'),
(54, 'Cargo Business White', 'Stylish cargo for modern men. By because which table participant treatment.', 'Denim', 'Dry clean only', 'Elevate your wardrobe with this premium cargo. Perfect for casual outings.', 21, 1, 't', 'f', 'cargo-business-white-339', 3.80, 46, '2025-12-19 11:01:03.298744+00', '2025-12-19 11:01:03.298744+00'),
(55, 'Shorts Slim Evening', 'Stylish shorts for modern men. As avoid minute movement they fight capital give bed we.', 'Premium Cotton', 'Gentle cycle', 'Elevate your wardrobe with this premium shorts. Perfect for business meetings.', 19, 1, 'f', 't', 'shorts-slim-evening-856', 2.30, 21, '2025-12-19 11:01:03.596287+00', '2025-12-19 11:01:03.596287+00'),
(56, 'Shorts Premium So', 'Stylish shorts for modern men. Surface here including heavy instead dark.', 'Wool', 'Dry clean only', 'Elevate your wardrobe with this premium shorts. Perfect for special occasions.', 19, 1, 'f', 't', 'shorts-premium-so-149', 4.60, 87, '2025-12-19 11:01:03.886863+00', '2025-12-19 11:01:03.886863+00'),
(57, 'Shorts Regular Again', 'Stylish shorts for modern men. Answer dream enjoy medical hour career because there way.', 'Stretch Fabric', 'Gentle cycle', 'Elevate your wardrobe with this premium shorts. Perfect for special occasions.', 19, 1, 'f', 't', 'shorts-regular-again-918', 1.50, 26, '2025-12-19 11:01:04.154807+00', '2025-12-19 11:01:04.154807+00'),
(58, 'Shoes Premium Maybe', 'Stylish shoes for modern men. Rule TV allow manager read.', 'Wool', 'Dry clean only', 'Elevate your wardrobe with this premium shoes. Perfect for business meetings.', 23, 1, 'f', 't', 'shoes-premium-maybe-453', 5.00, 113, '2025-12-19 11:01:04.331138+00', '2025-12-19 11:01:04.331138+00'),
(59, 'Shoes Premium Staff', 'Stylish shoes for modern men. Current teacher level public network point year pull.', 'Linen Blend', 'Machine wash cold', 'Elevate your wardrobe with this premium shoes. Perfect for special occasions.', 23, 1, 'f', 't', 'shoes-premium-staff-926', 5.00, 114, '2025-12-19 11:01:04.511783+00', '2025-12-19 11:01:04.511783+00'),
(60, 'Shoes Classic Sell', 'Stylish shoes for modern men. There have least Republican open travel green seven common method.', 'Stretch Fabric', 'Gentle cycle', 'Elevate your wardrobe with this premium shoes. Perfect for weekend wear.', 23, 1, 'f', 't', 'shoes-classic-sell-942', 3.50, 147, '2025-12-19 11:01:04.684653+00', '2025-12-19 11:01:04.684653+00'),
(61, 'Shoes Urban Pattern', 'Stylish shoes for modern men. Last show care old away wind charge happen gas.', 'Denim', 'Machine wash cold', 'Elevate your wardrobe with this premium shoes. Perfect for business meetings.', 23, 1, 'f', 't', 'shoes-urban-pattern-189', 5.00, 85, '2025-12-19 11:01:04.864979+00', '2025-12-19 11:01:04.864979+00');
INSERT INTO "public"."product_item" ("id", "price", "product_code", "product_id", "colour_id", "created_at", "updated_at") VALUES
(1, 109.08, 'SKU-1-1', 1, 1, '2025-12-19 11:00:52.902472+00', '2025-12-19 11:00:52.902472+00'),
(2, 59.31, 'SKU-1-2', 1, 2, '2025-12-19 11:00:52.947502+00', '2025-12-19 11:00:52.947502+00'),
(3, 108.43, 'SKU-1-3', 1, 3, '2025-12-19 11:00:52.982056+00', '2025-12-19 11:00:52.982056+00'),
(4, 55.80, 'SKU-1-4', 1, 4, '2025-12-19 11:00:53.018997+00', '2025-12-19 11:00:53.018997+00'),
(5, 45.63, 'SKU-1-5', 1, 5, '2025-12-19 11:00:53.051438+00', '2025-12-19 11:00:53.051438+00'),
(6, 71.49, 'SKU-2-1', 2, 1, '2025-12-19 11:00:53.097254+00', '2025-12-19 11:00:53.097254+00'),
(7, 17.85, 'SKU-2-2', 2, 2, '2025-12-19 11:00:53.135769+00', '2025-12-19 11:00:53.135769+00'),
(8, 103.19, 'SKU-2-3', 2, 3, '2025-12-19 11:00:53.172606+00', '2025-12-19 11:00:53.172606+00'),
(9, 73.72, 'SKU-2-4', 2, 4, '2025-12-19 11:00:53.208912+00', '2025-12-19 11:00:53.208912+00'),
(10, 59.22, 'SKU-2-5', 2, 5, '2025-12-19 11:00:53.243147+00', '2025-12-19 11:00:53.243147+00'),
(11, 63.72, 'SKU-3-1', 3, 1, '2025-12-19 11:00:53.284761+00', '2025-12-19 11:00:53.284761+00'),
(12, 108.10, 'SKU-3-2', 3, 2, '2025-12-19 11:00:53.320022+00', '2025-12-19 11:00:53.320022+00'),
(13, 48.70, 'SKU-3-3', 3, 3, '2025-12-19 11:00:53.354573+00', '2025-12-19 11:00:53.354573+00'),
(14, 103.03, 'SKU-3-4', 3, 4, '2025-12-19 11:00:53.393141+00', '2025-12-19 11:00:53.393141+00'),
(15, 38.46, 'SKU-3-5', 3, 5, '2025-12-19 11:00:53.428876+00', '2025-12-19 11:00:53.428876+00'),
(16, 63.48, 'SKU-4-1', 4, 1, '2025-12-19 11:00:53.470149+00', '2025-12-19 11:00:53.470149+00'),
(17, 44.66, 'SKU-4-2', 4, 2, '2025-12-19 11:00:53.504369+00', '2025-12-19 11:00:53.504369+00'),
(18, 91.75, 'SKU-4-3', 4, 3, '2025-12-19 11:00:53.542779+00', '2025-12-19 11:00:53.542779+00'),
(19, 108.67, 'SKU-4-4', 4, 4, '2025-12-19 11:00:53.577492+00', '2025-12-19 11:00:53.577492+00'),
(20, 111.83, 'SKU-4-5', 4, 5, '2025-12-19 11:00:53.612428+00', '2025-12-19 11:00:53.612428+00'),
(21, 61.25, 'SKU-5-1', 5, 1, '2025-12-19 11:00:53.65383+00', '2025-12-19 11:00:53.65383+00'),
(22, 106.52, 'SKU-5-2', 5, 2, '2025-12-19 11:00:53.689414+00', '2025-12-19 11:00:53.689414+00'),
(23, 43.71, 'SKU-5-3', 5, 3, '2025-12-19 11:00:53.725521+00', '2025-12-19 11:00:53.725521+00'),
(24, 23.30, 'SKU-5-4', 5, 4, '2025-12-19 11:00:53.756603+00', '2025-12-19 11:00:53.756603+00'),
(25, 15.62, 'SKU-5-5', 5, 5, '2025-12-19 11:00:53.78834+00', '2025-12-19 11:00:53.78834+00'),
(26, 61.97, 'SKU-6-1', 6, 1, '2025-12-19 11:00:53.830708+00', '2025-12-19 11:00:53.830708+00'),
(27, 59.06, 'SKU-6-2', 6, 2, '2025-12-19 11:00:53.86172+00', '2025-12-19 11:00:53.86172+00'),
(28, 41.95, 'SKU-6-3', 6, 3, '2025-12-19 11:00:53.890646+00', '2025-12-19 11:00:53.890646+00'),
(29, 101.15, 'SKU-6-4', 6, 4, '2025-12-19 11:00:53.926801+00', '2025-12-19 11:00:53.926801+00'),
(30, 117.39, 'SKU-6-5', 6, 5, '2025-12-19 11:00:53.962143+00', '2025-12-19 11:00:53.962143+00'),
(31, 60.71, 'SKU-7-1', 7, 1, '2025-12-19 11:00:54.004547+00', '2025-12-19 11:00:54.004547+00'),
(32, 96.24, 'SKU-7-2', 7, 2, '2025-12-19 11:00:54.039489+00', '2025-12-19 11:00:54.039489+00'),
(33, 97.11, 'SKU-7-3', 7, 3, '2025-12-19 11:00:54.071443+00', '2025-12-19 11:00:54.071443+00'),
(34, 28.66, 'SKU-7-4', 7, 4, '2025-12-19 11:00:54.108214+00', '2025-12-19 11:00:54.108214+00'),
(35, 99.22, 'SKU-7-5', 7, 5, '2025-12-19 11:00:54.147177+00', '2025-12-19 11:00:54.147177+00'),
(36, 53.78, 'SKU-8-1', 8, 1, '2025-12-19 11:00:54.189769+00', '2025-12-19 11:00:54.189769+00'),
(37, 38.51, 'SKU-8-2', 8, 2, '2025-12-19 11:00:54.223057+00', '2025-12-19 11:00:54.223057+00'),
(38, 21.77, 'SKU-8-3', 8, 3, '2025-12-19 11:00:54.256388+00', '2025-12-19 11:00:54.256388+00'),
(39, 49.37, 'SKU-8-4', 8, 4, '2025-12-19 11:00:54.290076+00', '2025-12-19 11:00:54.290076+00'),
(40, 114.69, 'SKU-8-5', 8, 5, '2025-12-19 11:00:54.323599+00', '2025-12-19 11:00:54.323599+00'),
(41, 101.88, 'SKU-9-1', 9, 1, '2025-12-19 11:00:54.364643+00', '2025-12-19 11:00:54.364643+00'),
(42, 56.48, 'SKU-9-2', 9, 2, '2025-12-19 11:00:54.399271+00', '2025-12-19 11:00:54.399271+00'),
(43, 40.54, 'SKU-9-3', 9, 3, '2025-12-19 11:00:54.434185+00', '2025-12-19 11:00:54.434185+00'),
(44, 112.73, 'SKU-9-4', 9, 4, '2025-12-19 11:00:54.472511+00', '2025-12-19 11:00:54.472511+00'),
(45, 55.58, 'SKU-9-5', 9, 5, '2025-12-19 11:00:54.503923+00', '2025-12-19 11:00:54.503923+00'),
(46, 21.38, 'SKU-10-1', 10, 1, '2025-12-19 11:00:54.550269+00', '2025-12-19 11:00:54.550269+00'),
(47, 20.94, 'SKU-10-2', 10, 2, '2025-12-19 11:00:54.588843+00', '2025-12-19 11:00:54.588843+00'),
(48, 89.14, 'SKU-10-3', 10, 3, '2025-12-19 11:00:54.625974+00', '2025-12-19 11:00:54.625974+00'),
(49, 17.78, 'SKU-10-4', 10, 4, '2025-12-19 11:00:54.662687+00', '2025-12-19 11:00:54.662687+00'),
(50, 57.82, 'SKU-10-5', 10, 5, '2025-12-19 11:00:54.696757+00', '2025-12-19 11:00:54.696757+00'),
(51, 70.46, 'SKU-11-1', 11, 1, '2025-12-19 11:00:54.741703+00', '2025-12-19 11:00:54.741703+00'),
(52, 70.46, 'SKU-11-2', 11, 2, '2025-12-19 11:00:54.777333+00', '2025-12-19 11:00:54.777333+00'),
(53, 15.44, 'SKU-11-3', 11, 3, '2025-12-19 11:00:54.814067+00', '2025-12-19 11:00:54.814067+00'),
(54, 89.34, 'SKU-11-4', 11, 4, '2025-12-19 11:00:54.849327+00', '2025-12-19 11:00:54.849327+00'),
(55, 55.79, 'SKU-11-5', 11, 5, '2025-12-19 11:00:54.883255+00', '2025-12-19 11:00:54.883255+00'),
(56, 59.59, 'SKU-12-1', 12, 1, '2025-12-19 11:00:54.923272+00', '2025-12-19 11:00:54.923272+00'),
(57, 31.61, 'SKU-12-2', 12, 2, '2025-12-19 11:00:54.959545+00', '2025-12-19 11:00:54.959545+00'),
(58, 57.98, 'SKU-12-3', 12, 3, '2025-12-19 11:00:54.994214+00', '2025-12-19 11:00:54.994214+00'),
(59, 55.12, 'SKU-12-4', 12, 4, '2025-12-19 11:00:55.029276+00', '2025-12-19 11:00:55.029276+00'),
(60, 59.43, 'SKU-12-5', 12, 5, '2025-12-19 11:00:55.0611+00', '2025-12-19 11:00:55.0611+00'),
(61, 66.08, 'SKU-13-1', 13, 1, '2025-12-19 11:00:55.10014+00', '2025-12-19 11:00:55.10014+00'),
(62, 29.54, 'SKU-13-2', 13, 2, '2025-12-19 11:00:55.132742+00', '2025-12-19 11:00:55.132742+00'),
(63, 71.17, 'SKU-13-3', 13, 3, '2025-12-19 11:00:55.165271+00', '2025-12-19 11:00:55.165271+00'),
(64, 52.60, 'SKU-13-4', 13, 4, '2025-12-19 11:00:55.201109+00', '2025-12-19 11:00:55.201109+00'),
(65, 29.72, 'SKU-13-5', 13, 5, '2025-12-19 11:00:55.238646+00', '2025-12-19 11:00:55.238646+00'),
(66, 118.96, 'SKU-14-1', 14, 1, '2025-12-19 11:00:55.283149+00', '2025-12-19 11:00:55.283149+00'),
(67, 71.95, 'SKU-14-2', 14, 2, '2025-12-19 11:00:55.315591+00', '2025-12-19 11:00:55.315591+00'),
(68, 38.33, 'SKU-14-3', 14, 3, '2025-12-19 11:00:55.348946+00', '2025-12-19 11:00:55.348946+00'),
(69, 17.92, 'SKU-14-4', 14, 4, '2025-12-19 11:00:55.385427+00', '2025-12-19 11:00:55.385427+00'),
(70, 29.14, 'SKU-14-5', 14, 5, '2025-12-19 11:00:55.419062+00', '2025-12-19 11:00:55.419062+00'),
(71, 102.16, 'SKU-15-1', 15, 1, '2025-12-19 11:00:55.463106+00', '2025-12-19 11:00:55.463106+00'),
(72, 25.00, 'SKU-15-2', 15, 2, '2025-12-19 11:00:55.499757+00', '2025-12-19 11:00:55.499757+00'),
(73, 116.62, 'SKU-15-3', 15, 3, '2025-12-19 11:00:55.53622+00', '2025-12-19 11:00:55.53622+00'),
(74, 102.30, 'SKU-15-4', 15, 4, '2025-12-19 11:00:55.569489+00', '2025-12-19 11:00:55.569489+00'),
(75, 107.20, 'SKU-15-5', 15, 5, '2025-12-19 11:00:55.60454+00', '2025-12-19 11:00:55.60454+00'),
(76, 27.64, 'SKU-16-1', 16, 1, '2025-12-19 11:00:55.648594+00', '2025-12-19 11:00:55.648594+00'),
(77, 71.02, 'SKU-16-2', 16, 2, '2025-12-19 11:00:55.6853+00', '2025-12-19 11:00:55.6853+00'),
(78, 110.62, 'SKU-16-3', 16, 3, '2025-12-19 11:00:55.722589+00', '2025-12-19 11:00:55.722589+00'),
(79, 75.72, 'SKU-16-4', 16, 4, '2025-12-19 11:00:55.758481+00', '2025-12-19 11:00:55.758481+00'),
(80, 92.99, 'SKU-16-5', 16, 5, '2025-12-19 11:00:55.791087+00', '2025-12-19 11:00:55.791087+00'),
(81, 62.20, 'SKU-17-1', 17, 1, '2025-12-19 11:00:55.83309+00', '2025-12-19 11:00:55.83309+00'),
(82, 30.01, 'SKU-17-2', 17, 2, '2025-12-19 11:00:55.870652+00', '2025-12-19 11:00:55.870652+00'),
(83, 55.08, 'SKU-17-3', 17, 3, '2025-12-19 11:00:55.907418+00', '2025-12-19 11:00:55.907418+00'),
(84, 109.79, 'SKU-17-4', 17, 4, '2025-12-19 11:00:55.947696+00', '2025-12-19 11:00:55.947696+00'),
(85, 33.54, 'SKU-17-5', 17, 5, '2025-12-19 11:00:55.986698+00', '2025-12-19 11:00:55.986698+00'),
(86, 49.24, 'SKU-18-1', 18, 1, '2025-12-19 11:00:56.033661+00', '2025-12-19 11:00:56.033661+00'),
(87, 64.11, 'SKU-18-2', 18, 2, '2025-12-19 11:00:56.070184+00', '2025-12-19 11:00:56.070184+00'),
(88, 112.43, 'SKU-18-3', 18, 3, '2025-12-19 11:00:56.105519+00', '2025-12-19 11:00:56.105519+00'),
(89, 43.28, 'SKU-18-4', 18, 4, '2025-12-19 11:00:56.139308+00', '2025-12-19 11:00:56.139308+00'),
(90, 70.61, 'SKU-18-5', 18, 5, '2025-12-19 11:00:56.181488+00', '2025-12-19 11:00:56.181488+00'),
(91, 103.40, 'SKU-19-1', 19, 1, '2025-12-19 11:00:56.221496+00', '2025-12-19 11:00:56.221496+00'),
(92, 47.45, 'SKU-19-2', 19, 2, '2025-12-19 11:00:56.259028+00', '2025-12-19 11:00:56.259028+00'),
(93, 81.46, 'SKU-19-3', 19, 3, '2025-12-19 11:00:56.295743+00', '2025-12-19 11:00:56.295743+00'),
(94, 56.33, 'SKU-19-4', 19, 4, '2025-12-19 11:00:56.333235+00', '2025-12-19 11:00:56.333235+00'),
(95, 15.44, 'SKU-19-5', 19, 5, '2025-12-19 11:00:56.371166+00', '2025-12-19 11:00:56.371166+00'),
(96, 92.67, 'SKU-20-1', 20, 1, '2025-12-19 11:00:56.413737+00', '2025-12-19 11:00:56.413737+00'),
(97, 71.22, 'SKU-20-2', 20, 2, '2025-12-19 11:00:56.449787+00', '2025-12-19 11:00:56.449787+00'),
(98, 119.70, 'SKU-20-3', 20, 3, '2025-12-19 11:00:56.488848+00', '2025-12-19 11:00:56.488848+00'),
(99, 66.33, 'SKU-20-4', 20, 4, '2025-12-19 11:00:56.529317+00', '2025-12-19 11:00:56.529317+00'),
(100, 30.36, 'SKU-20-5', 20, 5, '2025-12-19 11:00:56.568482+00', '2025-12-19 11:00:56.568482+00'),
(101, 34.26, 'SKU-21-1', 21, 1, '2025-12-19 11:00:56.614908+00', '2025-12-19 11:00:56.614908+00'),
(102, 36.85, 'SKU-21-2', 21, 2, '2025-12-19 11:00:56.663849+00', '2025-12-19 11:00:56.663849+00'),
(103, 72.38, 'SKU-21-3', 21, 3, '2025-12-19 11:00:56.703357+00', '2025-12-19 11:00:56.703357+00'),
(104, 89.16, 'SKU-21-4', 21, 4, '2025-12-19 11:00:56.760237+00', '2025-12-19 11:00:56.760237+00'),
(105, 44.17, 'SKU-21-5', 21, 5, '2025-12-19 11:00:56.800781+00', '2025-12-19 11:00:56.800781+00'),
(106, 103.92, 'SKU-22-1', 22, 1, '2025-12-19 11:00:56.84629+00', '2025-12-19 11:00:56.84629+00'),
(107, 29.39, 'SKU-22-2', 22, 2, '2025-12-19 11:00:56.886668+00', '2025-12-19 11:00:56.886668+00'),
(108, 25.52, 'SKU-22-3', 22, 3, '2025-12-19 11:00:56.930323+00', '2025-12-19 11:00:56.930323+00'),
(109, 82.83, 'SKU-22-4', 22, 4, '2025-12-19 11:00:56.971406+00', '2025-12-19 11:00:56.971406+00'),
(110, 65.36, 'SKU-22-5', 22, 5, '2025-12-19 11:00:57.01726+00', '2025-12-19 11:00:57.01726+00'),
(111, 110.56, 'SKU-23-1', 23, 1, '2025-12-19 11:00:57.064326+00', '2025-12-19 11:00:57.064326+00'),
(112, 63.43, 'SKU-23-2', 23, 2, '2025-12-19 11:00:57.103657+00', '2025-12-19 11:00:57.103657+00'),
(113, 94.24, 'SKU-23-3', 23, 3, '2025-12-19 11:00:57.143506+00', '2025-12-19 11:00:57.143506+00'),
(114, 47.60, 'SKU-23-4', 23, 4, '2025-12-19 11:00:57.210523+00', '2025-12-19 11:00:57.210523+00'),
(115, 24.03, 'SKU-23-5', 23, 5, '2025-12-19 11:00:57.260241+00', '2025-12-19 11:00:57.260241+00'),
(116, 107.55, 'SKU-24-1', 24, 1, '2025-12-19 11:00:57.30451+00', '2025-12-19 11:00:57.30451+00'),
(117, 90.82, 'SKU-24-2', 24, 2, '2025-12-19 11:00:57.344207+00', '2025-12-19 11:00:57.344207+00'),
(118, 87.69, 'SKU-24-3', 24, 3, '2025-12-19 11:00:57.385604+00', '2025-12-19 11:00:57.385604+00'),
(119, 38.10, 'SKU-24-4', 24, 4, '2025-12-19 11:00:57.42803+00', '2025-12-19 11:00:57.42803+00'),
(120, 23.49, 'SKU-24-5', 24, 5, '2025-12-19 11:00:57.464934+00', '2025-12-19 11:00:57.464934+00'),
(121, 111.29, 'SKU-25-1', 25, 1, '2025-12-19 11:00:57.515543+00', '2025-12-19 11:00:57.515543+00'),
(122, 40.87, 'SKU-25-2', 25, 2, '2025-12-19 11:00:57.554831+00', '2025-12-19 11:00:57.554831+00'),
(123, 21.76, 'SKU-25-3', 25, 3, '2025-12-19 11:00:57.594793+00', '2025-12-19 11:00:57.594793+00'),
(124, 59.96, 'SKU-25-4', 25, 4, '2025-12-19 11:00:57.634938+00', '2025-12-19 11:00:57.634938+00'),
(125, 19.50, 'SKU-25-5', 25, 5, '2025-12-19 11:00:57.671151+00', '2025-12-19 11:00:57.671151+00'),
(126, 36.27, 'SKU-26-1', 26, 1, '2025-12-19 11:00:57.716969+00', '2025-12-19 11:00:57.716969+00'),
(127, 37.57, 'SKU-26-2', 26, 2, '2025-12-19 11:00:57.752026+00', '2025-12-19 11:00:57.752026+00'),
(128, 93.70, 'SKU-26-3', 26, 3, '2025-12-19 11:00:57.785898+00', '2025-12-19 11:00:57.785898+00'),
(129, 45.33, 'SKU-26-4', 26, 4, '2025-12-19 11:00:57.819292+00', '2025-12-19 11:00:57.819292+00'),
(130, 35.17, 'SKU-26-5', 26, 5, '2025-12-19 11:00:57.852836+00', '2025-12-19 11:00:57.852836+00'),
(131, 72.08, 'SKU-27-1', 27, 1, '2025-12-19 11:00:57.890292+00', '2025-12-19 11:00:57.890292+00'),
(132, 87.09, 'SKU-27-2', 27, 2, '2025-12-19 11:00:57.924805+00', '2025-12-19 11:00:57.924805+00'),
(133, 90.51, 'SKU-27-3', 27, 3, '2025-12-19 11:00:57.958901+00', '2025-12-19 11:00:57.958901+00'),
(134, 54.25, 'SKU-27-4', 27, 4, '2025-12-19 11:00:57.999856+00', '2025-12-19 11:00:57.999856+00'),
(135, 115.80, 'SKU-27-5', 27, 5, '2025-12-19 11:00:58.037463+00', '2025-12-19 11:00:58.037463+00'),
(136, 114.26, 'SKU-28-1', 28, 1, '2025-12-19 11:00:58.075939+00', '2025-12-19 11:00:58.075939+00'),
(137, 31.50, 'SKU-28-2', 28, 2, '2025-12-19 11:00:58.109207+00', '2025-12-19 11:00:58.109207+00'),
(138, 56.41, 'SKU-28-3', 28, 3, '2025-12-19 11:00:58.146488+00', '2025-12-19 11:00:58.146488+00'),
(139, 65.92, 'SKU-28-4', 28, 4, '2025-12-19 11:00:58.182248+00', '2025-12-19 11:00:58.182248+00'),
(140, 19.95, 'SKU-28-5', 28, 5, '2025-12-19 11:00:58.219703+00', '2025-12-19 11:00:58.219703+00'),
(141, 80.08, 'SKU-29-1', 29, 1, '2025-12-19 11:00:58.258863+00', '2025-12-19 11:00:58.258863+00'),
(142, 72.55, 'SKU-29-2', 29, 2, '2025-12-19 11:00:58.293749+00', '2025-12-19 11:00:58.293749+00'),
(143, 67.49, 'SKU-29-3', 29, 3, '2025-12-19 11:00:58.329744+00', '2025-12-19 11:00:58.329744+00'),
(144, 85.90, 'SKU-29-4', 29, 4, '2025-12-19 11:00:58.365137+00', '2025-12-19 11:00:58.365137+00'),
(145, 62.86, 'SKU-29-5', 29, 5, '2025-12-19 11:00:58.399937+00', '2025-12-19 11:00:58.399937+00'),
(146, 60.43, 'SKU-30-1', 30, 1, '2025-12-19 11:00:58.441559+00', '2025-12-19 11:00:58.441559+00'),
(147, 17.93, 'SKU-30-2', 30, 2, '2025-12-19 11:00:58.479654+00', '2025-12-19 11:00:58.479654+00'),
(148, 59.26, 'SKU-30-3', 30, 3, '2025-12-19 11:00:58.517748+00', '2025-12-19 11:00:58.517748+00'),
(149, 95.07, 'SKU-30-4', 30, 4, '2025-12-19 11:00:58.555564+00', '2025-12-19 11:00:58.555564+00'),
(150, 53.38, 'SKU-30-5', 30, 5, '2025-12-19 11:00:58.592067+00', '2025-12-19 11:00:58.592067+00'),
(151, 69.41, 'SKU-31-1', 31, 1, '2025-12-19 11:00:58.637466+00', '2025-12-19 11:00:58.637466+00'),
(152, 76.30, 'SKU-31-2', 31, 2, '2025-12-19 11:00:58.676866+00', '2025-12-19 11:00:58.676866+00'),
(153, 28.72, 'SKU-31-3', 31, 3, '2025-12-19 11:00:58.714667+00', '2025-12-19 11:00:58.714667+00'),
(154, 112.76, 'SKU-31-4', 31, 4, '2025-12-19 11:00:58.752112+00', '2025-12-19 11:00:58.752112+00'),
(155, 59.64, 'SKU-31-5', 31, 5, '2025-12-19 11:00:58.791015+00', '2025-12-19 11:00:58.791015+00'),
(156, 19.55, 'SKU-32-1', 32, 1, '2025-12-19 11:00:58.835576+00', '2025-12-19 11:00:58.835576+00'),
(157, 32.41, 'SKU-32-2', 32, 2, '2025-12-19 11:00:58.932148+00', '2025-12-19 11:00:58.932148+00'),
(158, 87.92, 'SKU-32-3', 32, 3, '2025-12-19 11:00:58.984456+00', '2025-12-19 11:00:58.984456+00'),
(159, 79.02, 'SKU-32-4', 32, 4, '2025-12-19 11:00:59.018221+00', '2025-12-19 11:00:59.018221+00'),
(160, 15.99, 'SKU-32-5', 32, 5, '2025-12-19 11:00:59.051991+00', '2025-12-19 11:00:59.051991+00'),
(161, 25.90, 'SKU-33-1', 33, 1, '2025-12-19 11:00:59.094917+00', '2025-12-19 11:00:59.094917+00'),
(162, 93.26, 'SKU-33-2', 33, 2, '2025-12-19 11:00:59.13247+00', '2025-12-19 11:00:59.13247+00'),
(163, 117.54, 'SKU-33-3', 33, 3, '2025-12-19 11:00:59.170289+00', '2025-12-19 11:00:59.170289+00'),
(164, 116.58, 'SKU-33-4', 33, 4, '2025-12-19 11:00:59.204906+00', '2025-12-19 11:00:59.204906+00'),
(165, 94.03, 'SKU-33-5', 33, 5, '2025-12-19 11:00:59.247127+00', '2025-12-19 11:00:59.247127+00'),
(166, 86.59, 'SKU-34-1', 34, 1, '2025-12-19 11:00:59.291695+00', '2025-12-19 11:00:59.291695+00'),
(167, 35.38, 'SKU-34-2', 34, 2, '2025-12-19 11:00:59.329114+00', '2025-12-19 11:00:59.329114+00'),
(168, 76.68, 'SKU-34-3', 34, 3, '2025-12-19 11:00:59.370369+00', '2025-12-19 11:00:59.370369+00'),
(169, 67.98, 'SKU-34-4', 34, 4, '2025-12-19 11:00:59.411442+00', '2025-12-19 11:00:59.411442+00'),
(170, 76.47, 'SKU-34-5', 34, 5, '2025-12-19 11:00:59.451104+00', '2025-12-19 11:00:59.451104+00'),
(171, 113.91, 'SKU-35-1', 35, 1, '2025-12-19 11:00:59.494502+00', '2025-12-19 11:00:59.494502+00'),
(172, 56.80, 'SKU-35-2', 35, 2, '2025-12-19 11:00:59.53125+00', '2025-12-19 11:00:59.53125+00'),
(173, 61.91, 'SKU-35-3', 35, 3, '2025-12-19 11:00:59.565257+00', '2025-12-19 11:00:59.565257+00'),
(174, 25.93, 'SKU-35-4', 35, 4, '2025-12-19 11:00:59.627365+00', '2025-12-19 11:00:59.627365+00'),
(175, 94.61, 'SKU-35-5', 35, 5, '2025-12-19 11:00:59.664761+00', '2025-12-19 11:00:59.664761+00'),
(176, 56.35, 'SKU-36-1', 36, 1, '2025-12-19 11:00:59.781587+00', '2025-12-19 11:00:59.781587+00'),
(177, 73.48, 'SKU-36-2', 36, 2, '2025-12-19 11:00:59.818018+00', '2025-12-19 11:00:59.818018+00'),
(178, 90.83, 'SKU-36-3', 36, 3, '2025-12-19 11:00:59.858742+00', '2025-12-19 11:00:59.858742+00'),
(179, 93.46, 'SKU-36-4', 36, 4, '2025-12-19 11:00:59.900274+00', '2025-12-19 11:00:59.900274+00'),
(180, 23.24, 'SKU-36-5', 36, 5, '2025-12-19 11:00:59.938489+00', '2025-12-19 11:00:59.938489+00'),
(181, 24.90, 'SKU-37-1', 37, 1, '2025-12-19 11:01:00.041148+00', '2025-12-19 11:01:00.041148+00'),
(182, 60.03, 'SKU-37-2', 37, 2, '2025-12-19 11:01:00.098328+00', '2025-12-19 11:01:00.098328+00'),
(183, 33.62, 'SKU-37-3', 37, 3, '2025-12-19 11:01:00.133677+00', '2025-12-19 11:01:00.133677+00'),
(184, 23.01, 'SKU-37-4', 37, 4, '2025-12-19 11:01:00.169267+00', '2025-12-19 11:01:00.169267+00'),
(185, 82.79, 'SKU-37-5', 37, 5, '2025-12-19 11:01:00.239797+00', '2025-12-19 11:01:00.239797+00'),
(186, 102.70, 'SKU-38-1', 38, 1, '2025-12-19 11:01:00.292907+00', '2025-12-19 11:01:00.292907+00'),
(187, 96.89, 'SKU-38-2', 38, 2, '2025-12-19 11:01:00.333352+00', '2025-12-19 11:01:00.333352+00'),
(188, 73.03, 'SKU-38-3', 38, 3, '2025-12-19 11:01:00.367632+00', '2025-12-19 11:01:00.367632+00'),
(189, 33.20, 'SKU-38-4', 38, 4, '2025-12-19 11:01:00.40506+00', '2025-12-19 11:01:00.40506+00'),
(190, 93.92, 'SKU-38-5', 38, 5, '2025-12-19 11:01:00.440059+00', '2025-12-19 11:01:00.440059+00'),
(191, 98.46, 'SKU-39-1', 39, 1, '2025-12-19 11:01:00.485311+00', '2025-12-19 11:01:00.485311+00'),
(192, 58.68, 'SKU-39-2', 39, 2, '2025-12-19 11:01:00.521738+00', '2025-12-19 11:01:00.521738+00'),
(193, 80.72, 'SKU-39-3', 39, 3, '2025-12-19 11:01:00.55352+00', '2025-12-19 11:01:00.55352+00'),
(194, 76.13, 'SKU-39-4', 39, 4, '2025-12-19 11:01:00.586443+00', '2025-12-19 11:01:00.586443+00'),
(195, 88.74, 'SKU-39-5', 39, 5, '2025-12-19 11:01:00.619147+00', '2025-12-19 11:01:00.619147+00'),
(196, 116.87, 'SKU-40-1', 40, 1, '2025-12-19 11:01:00.66131+00', '2025-12-19 11:01:00.66131+00'),
(197, 30.73, 'SKU-40-2', 40, 2, '2025-12-19 11:01:00.693797+00', '2025-12-19 11:01:00.693797+00'),
(198, 62.45, 'SKU-40-3', 40, 3, '2025-12-19 11:01:00.727863+00', '2025-12-19 11:01:00.727863+00'),
(199, 114.62, 'SKU-40-4', 40, 4, '2025-12-19 11:01:00.760627+00', '2025-12-19 11:01:00.760627+00'),
(200, 76.93, 'SKU-40-5', 40, 5, '2025-12-19 11:01:00.791571+00', '2025-12-19 11:01:00.791571+00'),
(201, 118.69, 'SKU-41-1', 41, 1, '2025-12-19 11:01:00.829738+00', '2025-12-19 11:01:00.829738+00'),
(202, 65.37, 'SKU-41-2', 41, 2, '2025-12-19 11:01:00.871451+00', '2025-12-19 11:01:00.871451+00'),
(203, 113.16, 'SKU-41-3', 41, 3, '2025-12-19 11:01:00.908079+00', '2025-12-19 11:01:00.908079+00'),
(204, 18.16, 'SKU-41-4', 41, 4, '2025-12-19 11:01:00.947014+00', '2025-12-19 11:01:00.947014+00'),
(205, 85.07, 'SKU-41-5', 41, 5, '2025-12-19 11:01:00.991175+00', '2025-12-19 11:01:00.991175+00'),
(206, 70.88, 'SKU-42-1', 42, 1, '2025-12-19 11:01:01.034791+00', '2025-12-19 11:01:01.034791+00'),
(207, 47.94, 'SKU-42-2', 42, 2, '2025-12-19 11:01:01.072457+00', '2025-12-19 11:01:01.072457+00'),
(208, 104.77, 'SKU-42-3', 42, 3, '2025-12-19 11:01:01.109062+00', '2025-12-19 11:01:01.109062+00'),
(209, 78.40, 'SKU-42-4', 42, 4, '2025-12-19 11:01:01.148549+00', '2025-12-19 11:01:01.148549+00'),
(210, 109.37, 'SKU-42-5', 42, 5, '2025-12-19 11:01:01.18316+00', '2025-12-19 11:01:01.18316+00'),
(211, 79.31, 'SKU-43-1', 43, 1, '2025-12-19 11:01:01.226852+00', '2025-12-19 11:01:01.226852+00'),
(212, 90.25, 'SKU-43-2', 43, 2, '2025-12-19 11:01:01.263246+00', '2025-12-19 11:01:01.263246+00'),
(213, 102.27, 'SKU-43-3', 43, 3, '2025-12-19 11:01:01.299876+00', '2025-12-19 11:01:01.299876+00'),
(214, 15.30, 'SKU-43-4', 43, 4, '2025-12-19 11:01:01.331423+00', '2025-12-19 11:01:01.331423+00'),
(215, 100.29, 'SKU-43-5', 43, 5, '2025-12-19 11:01:01.368068+00', '2025-12-19 11:01:01.368068+00'),
(216, 35.85, 'SKU-44-1', 44, 1, '2025-12-19 11:01:01.40917+00', '2025-12-19 11:01:01.40917+00'),
(217, 65.90, 'SKU-44-2', 44, 2, '2025-12-19 11:01:01.441893+00', '2025-12-19 11:01:01.441893+00'),
(218, 117.10, 'SKU-44-3', 44, 3, '2025-12-19 11:01:01.478401+00', '2025-12-19 11:01:01.478401+00'),
(219, 107.85, 'SKU-44-4', 44, 4, '2025-12-19 11:01:01.516198+00', '2025-12-19 11:01:01.516198+00'),
(220, 43.88, 'SKU-44-5', 44, 5, '2025-12-19 11:01:01.55149+00', '2025-12-19 11:01:01.55149+00'),
(221, 60.58, 'SKU-45-1', 45, 1, '2025-12-19 11:01:01.590464+00', '2025-12-19 11:01:01.590464+00'),
(222, 56.74, 'SKU-45-2', 45, 2, '2025-12-19 11:01:01.623004+00', '2025-12-19 11:01:01.623004+00'),
(223, 70.57, 'SKU-45-3', 45, 3, '2025-12-19 11:01:01.654571+00', '2025-12-19 11:01:01.654571+00'),
(224, 105.93, 'SKU-45-4', 45, 4, '2025-12-19 11:01:01.691313+00', '2025-12-19 11:01:01.691313+00'),
(225, 16.41, 'SKU-45-5', 45, 5, '2025-12-19 11:01:01.723802+00', '2025-12-19 11:01:01.723802+00'),
(226, 30.04, 'SKU-46-1', 46, 1, '2025-12-19 11:01:01.762728+00', '2025-12-19 11:01:01.762728+00'),
(227, 25.63, 'SKU-46-2', 46, 2, '2025-12-19 11:01:01.795063+00', '2025-12-19 11:01:01.795063+00'),
(228, 106.93, 'SKU-46-3', 46, 3, '2025-12-19 11:01:01.827797+00', '2025-12-19 11:01:01.827797+00'),
(229, 102.22, 'SKU-46-4', 46, 4, '2025-12-19 11:01:01.861714+00', '2025-12-19 11:01:01.861714+00'),
(230, 74.37, 'SKU-46-5', 46, 5, '2025-12-19 11:01:01.894146+00', '2025-12-19 11:01:01.894146+00'),
(231, 51.72, 'SKU-47-1', 47, 1, '2025-12-19 11:01:01.934112+00', '2025-12-19 11:01:01.934112+00'),
(232, 66.12, 'SKU-47-2', 47, 2, '2025-12-19 11:01:01.96763+00', '2025-12-19 11:01:01.96763+00'),
(233, 95.52, 'SKU-47-3', 47, 3, '2025-12-19 11:01:01.999927+00', '2025-12-19 11:01:01.999927+00'),
(234, 34.47, 'SKU-47-4', 47, 4, '2025-12-19 11:01:02.036666+00', '2025-12-19 11:01:02.036666+00'),
(235, 100.94, 'SKU-47-5', 47, 5, '2025-12-19 11:01:02.070759+00', '2025-12-19 11:01:02.070759+00'),
(236, 116.31, 'SKU-48-1', 48, 1, '2025-12-19 11:01:02.113944+00', '2025-12-19 11:01:02.113944+00'),
(237, 87.77, 'SKU-48-2', 48, 2, '2025-12-19 11:01:02.145936+00', '2025-12-19 11:01:02.145936+00'),
(238, 95.74, 'SKU-48-3', 48, 3, '2025-12-19 11:01:02.178945+00', '2025-12-19 11:01:02.178945+00'),
(239, 27.46, 'SKU-48-4', 48, 4, '2025-12-19 11:01:02.211783+00', '2025-12-19 11:01:02.211783+00'),
(240, 115.07, 'SKU-48-5', 48, 5, '2025-12-19 11:01:02.244588+00', '2025-12-19 11:01:02.244588+00'),
(241, 107.94, 'SKU-49-1', 49, 1, '2025-12-19 11:01:02.284032+00', '2025-12-19 11:01:02.284032+00'),
(242, 25.00, 'SKU-49-2', 49, 2, '2025-12-19 11:01:02.319241+00', '2025-12-19 11:01:02.319241+00'),
(243, 86.90, 'SKU-49-3', 49, 3, '2025-12-19 11:01:02.355132+00', '2025-12-19 11:01:02.355132+00'),
(244, 46.03, 'SKU-49-4', 49, 4, '2025-12-19 11:01:02.391494+00', '2025-12-19 11:01:02.391494+00'),
(245, 102.83, 'SKU-49-5', 49, 5, '2025-12-19 11:01:02.426368+00', '2025-12-19 11:01:02.426368+00'),
(246, 99.16, 'SKU-50-1', 50, 1, '2025-12-19 11:01:02.470431+00', '2025-12-19 11:01:02.470431+00'),
(247, 21.23, 'SKU-50-2', 50, 2, '2025-12-19 11:01:02.509656+00', '2025-12-19 11:01:02.509656+00'),
(248, 16.50, 'SKU-50-3', 50, 3, '2025-12-19 11:01:02.54893+00', '2025-12-19 11:01:02.54893+00'),
(249, 112.06, 'SKU-50-4', 50, 4, '2025-12-19 11:01:02.587893+00', '2025-12-19 11:01:02.587893+00'),
(250, 16.48, 'SKU-50-5', 50, 5, '2025-12-19 11:01:02.624147+00', '2025-12-19 11:01:02.624147+00'),
(251, 67.72, 'SKU-51-1', 51, 1, '2025-12-19 11:01:02.666825+00', '2025-12-19 11:01:02.666825+00'),
(252, 48.68, 'SKU-51-2', 51, 2, '2025-12-19 11:01:02.703546+00', '2025-12-19 11:01:02.703546+00'),
(253, 43.07, 'SKU-51-3', 51, 3, '2025-12-19 11:01:02.740739+00', '2025-12-19 11:01:02.740739+00'),
(254, 53.27, 'SKU-51-4', 51, 4, '2025-12-19 11:01:02.776488+00', '2025-12-19 11:01:02.776488+00'),
(255, 26.39, 'SKU-51-5', 51, 5, '2025-12-19 11:01:02.812431+00', '2025-12-19 11:01:02.812431+00'),
(256, 40.51, 'SKU-52-1', 52, 1, '2025-12-19 11:01:02.862097+00', '2025-12-19 11:01:02.862097+00'),
(257, 76.05, 'SKU-52-2', 52, 2, '2025-12-19 11:01:02.897863+00', '2025-12-19 11:01:02.897863+00'),
(258, 88.45, 'SKU-52-3', 52, 3, '2025-12-19 11:01:02.9342+00', '2025-12-19 11:01:02.9342+00'),
(259, 88.18, 'SKU-52-4', 52, 4, '2025-12-19 11:01:02.970909+00', '2025-12-19 11:01:02.970909+00'),
(260, 119.93, 'SKU-52-5', 52, 5, '2025-12-19 11:01:03.009158+00', '2025-12-19 11:01:03.009158+00'),
(261, 60.15, 'SKU-53-1', 53, 1, '2025-12-19 11:01:03.053853+00', '2025-12-19 11:01:03.053853+00'),
(262, 88.05, 'SKU-53-2', 53, 2, '2025-12-19 11:01:03.09473+00', '2025-12-19 11:01:03.09473+00'),
(263, 85.67, 'SKU-53-3', 53, 3, '2025-12-19 11:01:03.145514+00', '2025-12-19 11:01:03.145514+00'),
(264, 29.83, 'SKU-53-4', 53, 4, '2025-12-19 11:01:03.202862+00', '2025-12-19 11:01:03.202862+00'),
(265, 64.27, 'SKU-53-5', 53, 5, '2025-12-19 11:01:03.249546+00', '2025-12-19 11:01:03.249546+00'),
(266, 54.82, 'SKU-54-1', 54, 1, '2025-12-19 11:01:03.305127+00', '2025-12-19 11:01:03.305127+00'),
(267, 51.94, 'SKU-54-2', 54, 2, '2025-12-19 11:01:03.365695+00', '2025-12-19 11:01:03.365695+00'),
(268, 57.97, 'SKU-54-3', 54, 3, '2025-12-19 11:01:03.40706+00', '2025-12-19 11:01:03.40706+00'),
(269, 90.19, 'SKU-54-4', 54, 4, '2025-12-19 11:01:03.466777+00', '2025-12-19 11:01:03.466777+00'),
(270, 18.12, 'SKU-54-5', 54, 5, '2025-12-19 11:01:03.531284+00', '2025-12-19 11:01:03.531284+00'),
(271, 16.16, 'SKU-55-1', 55, 1, '2025-12-19 11:01:03.608238+00', '2025-12-19 11:01:03.608238+00'),
(272, 24.21, 'SKU-55-2', 55, 2, '2025-12-19 11:01:03.659994+00', '2025-12-19 11:01:03.659994+00'),
(273, 21.38, 'SKU-55-3', 55, 3, '2025-12-19 11:01:03.718983+00', '2025-12-19 11:01:03.718983+00'),
(274, 40.05, 'SKU-55-4', 55, 4, '2025-12-19 11:01:03.78172+00', '2025-12-19 11:01:03.78172+00'),
(275, 51.74, 'SKU-55-5', 55, 5, '2025-12-19 11:01:03.836426+00', '2025-12-19 11:01:03.836426+00'),
(276, 25.75, 'SKU-56-1', 56, 1, '2025-12-19 11:01:03.89749+00', '2025-12-19 11:01:03.89749+00'),
(277, 32.74, 'SKU-56-2', 56, 2, '2025-12-19 11:01:03.93337+00', '2025-12-19 11:01:03.93337+00'),
(278, 95.78, 'SKU-56-3', 56, 3, '2025-12-19 11:01:03.999001+00', '2025-12-19 11:01:03.999001+00'),
(279, 97.39, 'SKU-56-4', 56, 4, '2025-12-19 11:01:04.054648+00', '2025-12-19 11:01:04.054648+00'),
(280, 117.28, 'SKU-56-5', 56, 5, '2025-12-19 11:01:04.119867+00', '2025-12-19 11:01:04.119867+00'),
(281, 34.24, 'SKU-57-1', 57, 1, '2025-12-19 11:01:04.160535+00', '2025-12-19 11:01:04.160535+00'),
(282, 31.05, 'SKU-57-2', 57, 2, '2025-12-19 11:01:04.194756+00', '2025-12-19 11:01:04.194756+00'),
(283, 116.54, 'SKU-57-3', 57, 3, '2025-12-19 11:01:04.226723+00', '2025-12-19 11:01:04.226723+00'),
(284, 104.49, 'SKU-57-4', 57, 4, '2025-12-19 11:01:04.260345+00', '2025-12-19 11:01:04.260345+00'),
(285, 59.96, 'SKU-57-5', 57, 5, '2025-12-19 11:01:04.29533+00', '2025-12-19 11:01:04.29533+00'),
(286, 83.96, 'SKU-58-1', 58, 1, '2025-12-19 11:01:04.336764+00', '2025-12-19 11:01:04.336764+00'),
(287, 80.35, 'SKU-58-2', 58, 2, '2025-12-19 11:01:04.371896+00', '2025-12-19 11:01:04.371896+00'),
(288, 90.02, 'SKU-58-3', 58, 3, '2025-12-19 11:01:04.406827+00', '2025-12-19 11:01:04.406827+00'),
(289, 96.22, 'SKU-58-4', 58, 4, '2025-12-19 11:01:04.442583+00', '2025-12-19 11:01:04.442583+00'),
(290, 65.71, 'SKU-58-5', 58, 5, '2025-12-19 11:01:04.477148+00', '2025-12-19 11:01:04.477148+00'),
(291, 31.20, 'SKU-59-1', 59, 1, '2025-12-19 11:01:04.517343+00', '2025-12-19 11:01:04.517343+00'),
(292, 20.91, 'SKU-59-2', 59, 2, '2025-12-19 11:01:04.551745+00', '2025-12-19 11:01:04.551745+00'),
(293, 20.26, 'SKU-59-3', 59, 3, '2025-12-19 11:01:04.583254+00', '2025-12-19 11:01:04.583254+00'),
(294, 113.81, 'SKU-59-4', 59, 4, '2025-12-19 11:01:04.614632+00', '2025-12-19 11:01:04.614632+00'),
(295, 46.49, 'SKU-59-5', 59, 5, '2025-12-19 11:01:04.64939+00', '2025-12-19 11:01:04.64939+00'),
(296, 48.06, 'SKU-60-1', 60, 1, '2025-12-19 11:01:04.690677+00', '2025-12-19 11:01:04.690677+00'),
(297, 100.83, 'SKU-60-2', 60, 2, '2025-12-19 11:01:04.724485+00', '2025-12-19 11:01:04.724485+00'),
(298, 106.78, 'SKU-60-3', 60, 3, '2025-12-19 11:01:04.759738+00', '2025-12-19 11:01:04.759738+00'),
(299, 95.79, 'SKU-60-4', 60, 4, '2025-12-19 11:01:04.795125+00', '2025-12-19 11:01:04.795125+00'),
(300, 30.81, 'SKU-60-5', 60, 5, '2025-12-19 11:01:04.829733+00', '2025-12-19 11:01:04.829733+00'),
(301, 34.16, 'SKU-61-1', 61, 1, '2025-12-19 11:01:04.87068+00', '2025-12-19 11:01:04.87068+00'),
(302, 31.98, 'SKU-61-2', 61, 2, '2025-12-19 11:01:04.907156+00', '2025-12-19 11:01:04.907156+00'),
(303, 24.47, 'SKU-61-3', 61, 3, '2025-12-19 11:01:04.941691+00', '2025-12-19 11:01:04.941691+00'),
(304, 39.99, 'SKU-61-4', 61, 4, '2025-12-19 11:01:04.976914+00', '2025-12-19 11:01:04.976914+00'),
(305, 72.08, 'SKU-61-5', 61, 5, '2025-12-19 11:01:05.013653+00', '2025-12-19 11:01:05.013653+00');
INSERT INTO "public"."colour" ("id", "colour_name") VALUES
(1, 'Black'),
(2, 'White'),
(3, 'Blue'),
(4, 'Green'),
(5, 'Red');
INSERT INTO "public"."product_image" ("id", "image_filename", "product_item_id", "created_at") VALUES
(1, 'item_1_high_res_1.jpg', 1, '2025-12-19 11:01:06.050701+00'),
(2, 'p1_2_studio_3.jpg', 2, '2025-12-19 11:01:06.057473+00'),
(3, 'model_7_product_3.jpg', 3, '2025-12-19 11:01:06.063425+00'),
(4, 'product_1_lifestyle_4.jpg', 4, '2025-12-19 11:01:06.069597+00'),
(5, 'product_1_color_gray_5.jpg', 5, '2025-12-19 11:01:06.076581+00'),
(6, 'thumb_6_448.jpg', 6, '2025-12-19 11:01:06.082814+00'),
(7, 'p2_7_front_2.jpg', 7, '2025-12-19 11:01:06.089216+00'),
(8, 'p2_7_studio_3.jpg', 7, '2025-12-19 11:01:06.095101+00'),
(9, 'p2_8_detail_3.jpg', 8, '2025-12-19 11:01:06.100713+00'),
(10, 'product_2_color_black_8.jpg', 8, '2025-12-19 11:01:06.106864+00'),
(11, 'product_2_side_9.jpg', 9, '2025-12-19 11:01:06.112323+00'),
(12, 'item_9_variant_1.jpg', 9, '2025-12-19 11:01:06.119557+00'),
(13, 'model_2_product_10.jpg', 10, '2025-12-19 11:01:06.125255+00'),
(14, 'thumb_11_602.jpg', 11, '2025-12-19 11:01:06.131613+00'),
(15, 'product_3_lifestyle_12.jpg', 12, '2025-12-19 11:01:06.137137+00'),
(16, 'p3_13_studio_2.jpg', 13, '2025-12-19 11:01:06.144524+00'),
(17, 'item_14_back_2.jpg', 14, '2025-12-19 11:01:06.150494+00'),
(18, 'p3_14_detail_3.jpg', 14, '2025-12-19 11:01:06.156925+00'),
(19, 'item_15_back_3.jpg', 15, '2025-12-19 11:01:06.163149+00'),
(20, 'product_4_hd_16.jpg', 16, '2025-12-19 11:01:06.169122+00'),
(21, 'item_17_primary_79.jpg', 17, '2025-12-19 11:01:06.175104+00'),
(22, 'product_4_hd_18.jpg', 18, '2025-12-19 11:01:06.181359+00'),
(23, 'p4_19_front_4.jpg', 19, '2025-12-19 11:01:06.187088+00'),
(24, 'p4_20_detail_2.jpg', 20, '2025-12-19 11:01:06.1927+00'),
(25, 'p5_21_detail_1.jpg', 21, '2025-12-19 11:01:06.199078+00'),
(26, 'p5_21_front_4.jpg', 21, '2025-12-19 11:01:06.205888+00'),
(27, 'product_5_side_22.jpg', 22, '2025-12-19 11:01:06.211653+00'),
(28, 'p5_22_front_1.jpg', 22, '2025-12-19 11:01:06.218392+00'),
(29, 'item_22_primary_73.jpg', 22, '2025-12-19 11:01:06.225095+00'),
(30, 'p5_23_front_3.jpg', 23, '2025-12-19 11:01:06.232471+00'),
(31, 'product_5_main_23_818.jpg', 23, '2025-12-19 11:01:06.238341+00'),
(32, 'product_5_color_black_24.jpg', 24, '2025-12-19 11:01:06.245207+00'),
(33, 'product_5_color_black_24.jpg', 24, '2025-12-19 11:01:06.251522+00'),
(34, 'product_5_hd_25.jpg', 25, '2025-12-19 11:01:06.257575+00'),
(35, 'p6_26_studio_1.jpg', 26, '2025-12-19 11:01:06.272908+00'),
(36, 'product_6_lifestyle_27.jpg', 27, '2025-12-19 11:01:06.282666+00'),
(37, 'model_2_product_28.jpg', 28, '2025-12-19 11:01:06.292548+00'),
(38, 'product_6_hd_28.jpg', 28, '2025-12-19 11:01:06.300076+00'),
(39, 'product_6_color_black_29.jpg', 29, '2025-12-19 11:01:06.309076+00'),
(40, 'product_6_hd_30.jpg', 30, '2025-12-19 11:01:06.317766+00'),
(41, 'model_20_product_30.jpg', 30, '2025-12-19 11:01:06.325907+00'),
(42, 'item_31_high_res_1.jpg', 31, '2025-12-19 11:01:06.335512+00'),
(43, 'product_7_color_black_32.jpg', 32, '2025-12-19 11:01:06.344861+00'),
(44, 'item_33_primary_44.jpg', 33, '2025-12-19 11:01:06.350378+00'),
(45, 'product_7_side_33.jpg', 33, '2025-12-19 11:01:06.358897+00'),
(46, 'product_7_main_33_687.jpg', 33, '2025-12-19 11:01:06.366281+00'),
(47, 'product_7_side_34.jpg', 34, '2025-12-19 11:01:06.373417+00'),
(48, 'product_7_side_35.jpg', 35, '2025-12-19 11:01:06.380143+00'),
(49, 'p8_36_detail_3.jpg', 36, '2025-12-19 11:01:06.385839+00'),
(50, 'item_37_high_res_2.jpg', 37, '2025-12-19 11:01:06.391463+00'),
(51, 'product_8_hd_37.jpg', 37, '2025-12-19 11:01:06.397775+00'),
(52, 'item_38_high_res_2.jpg', 38, '2025-12-19 11:01:06.403894+00'),
(53, 'item_39_variant_1.jpg', 39, '2025-12-19 11:01:06.409732+00'),
(54, 'item_39_back_3.jpg', 39, '2025-12-19 11:01:06.41808+00'),
(55, 'product_8_hd_40.jpg', 40, '2025-12-19 11:01:06.424688+00'),
(56, 'product_9_side_41.jpg', 41, '2025-12-19 11:01:06.430582+00'),
(57, 'product_9_thumb_42.jpg', 42, '2025-12-19 11:01:06.436135+00'),
(58, 'item_43_primary_14.jpg', 43, '2025-12-19 11:01:06.442549+00'),
(59, 'item_43_back_2.jpg', 43, '2025-12-19 11:01:06.448981+00'),
(60, 'p9_44_studio_3.jpg', 44, '2025-12-19 11:01:06.455016+00'),
(61, 'p9_45_detail_4.jpg', 45, '2025-12-19 11:01:06.460956+00'),
(62, 'product_9_thumb_45.jpg', 45, '2025-12-19 11:01:06.466913+00'),
(63, 'product_9_lifestyle_45.jpg', 45, '2025-12-19 11:01:06.472923+00'),
(64, 'p10_46_front_3.jpg', 46, '2025-12-19 11:01:06.478692+00'),
(65, 'product_10_thumb_46.jpg', 46, '2025-12-19 11:01:06.484483+00'),
(66, 'item_46_back_3.jpg', 46, '2025-12-19 11:01:06.490367+00'),
(67, 'product_10_lifestyle_47.jpg', 47, '2025-12-19 11:01:06.495995+00'),
(68, 'item_48_variant_2.jpg', 48, '2025-12-19 11:01:06.503017+00'),
(69, 'model_8_product_48.jpg', 48, '2025-12-19 11:01:06.509148+00'),
(70, 'item_48_variant_2.jpg', 48, '2025-12-19 11:01:06.515441+00'),
(71, 'item_49_variant_1.jpg', 49, '2025-12-19 11:01:06.52125+00'),
(72, 'product_10_color_gray_50.jpg', 50, '2025-12-19 11:01:06.52705+00'),
(73, 'p11_51_detail_1.jpg', 51, '2025-12-19 11:01:06.532506+00'),
(74, 'p11_51_front_3.jpg', 51, '2025-12-19 11:01:06.538472+00'),
(75, 'product_11_thumb_52.jpg', 52, '2025-12-19 11:01:06.544277+00'),
(76, 'product_11_lifestyle_52.jpg', 52, '2025-12-19 11:01:06.551174+00'),
(77, 'p11_52_detail_1.jpg', 52, '2025-12-19 11:01:06.558199+00'),
(78, 'model_20_product_53.jpg', 53, '2025-12-19 11:01:06.564508+00'),
(79, 'thumb_53_241.jpg', 53, '2025-12-19 11:01:06.570667+00'),
(80, 'product_11_thumb_54.jpg', 54, '2025-12-19 11:01:06.57647+00'),
(81, 'item_54_back_3.jpg', 54, '2025-12-19 11:01:06.583228+00'),
(82, 'product_11_color_white_55.jpg', 55, '2025-12-19 11:01:06.590049+00'),
(83, 'product_12_color_blue_56.jpg', 56, '2025-12-19 11:01:06.595786+00'),
(84, 'model_9_product_56.jpg', 56, '2025-12-19 11:01:06.602345+00'),
(85, 'thumb_57_498.jpg', 57, '2025-12-19 11:01:06.608183+00'),
(86, 'thumb_58_748.jpg', 58, '2025-12-19 11:01:06.614569+00'),
(87, 'item_58_back_1.jpg', 58, '2025-12-19 11:01:06.620351+00'),
(88, 'product_12_main_59_984.jpg', 59, '2025-12-19 11:01:06.625945+00'),
(89, 'thumb_60_876.jpg', 60, '2025-12-19 11:01:06.63185+00'),
(90, 'item_61_high_res_1.jpg', 61, '2025-12-19 11:01:06.63774+00'),
(91, 'item_62_high_res_2.jpg', 62, '2025-12-19 11:01:06.643029+00'),
(92, 'thumb_63_764.jpg', 63, '2025-12-19 11:01:06.648893+00'),
(93, 'product_13_lifestyle_63.jpg', 63, '2025-12-19 11:01:06.654368+00'),
(94, 'product_13_hd_64.jpg', 64, '2025-12-19 11:01:06.659811+00'),
(95, 'item_64_primary_56.jpg', 64, '2025-12-19 11:01:06.66581+00'),
(96, 'product_13_lifestyle_65.jpg', 65, '2025-12-19 11:01:06.67202+00'),
(97, 'model_5_product_66.jpg', 66, '2025-12-19 11:01:06.678336+00'),
(98, 'p14_66_front_3.jpg', 66, '2025-12-19 11:01:06.684764+00'),
(99, 'thumb_67_218.jpg', 67, '2025-12-19 11:01:06.69076+00'),
(100, 'model_3_product_68.jpg', 68, '2025-12-19 11:01:06.696935+00'),
(101, 'model_11_product_69.jpg', 69, '2025-12-19 11:01:06.702585+00'),
(102, 'item_69_primary_92.jpg', 69, '2025-12-19 11:01:06.707939+00'),
(103, 'item_70_primary_65.jpg', 70, '2025-12-19 11:01:06.713865+00'),
(104, 'item_70_back_2.jpg', 70, '2025-12-19 11:01:06.719243+00'),
(105, 'p14_70_front_1.jpg', 70, '2025-12-19 11:01:06.725+00'),
(106, 'p15_71_studio_3.jpg', 71, '2025-12-19 11:01:06.730942+00'),
(107, 'item_72_primary_50.jpg', 72, '2025-12-19 11:01:06.736951+00'),
(108, 'item_72_variant_2.jpg', 72, '2025-12-19 11:01:06.745156+00'),
(109, 'product_15_side_72.jpg', 72, '2025-12-19 11:01:06.752867+00'),
(110, 'item_73_back_3.jpg', 73, '2025-12-19 11:01:06.758561+00'),
(111, 'item_74_high_res_2.jpg', 74, '2025-12-19 11:01:06.764545+00'),
(112, 'item_75_primary_44.jpg', 75, '2025-12-19 11:01:06.772035+00'),
(113, 'product_16_thumb_76.jpg', 76, '2025-12-19 11:01:06.777786+00'),
(114, 'model_14_product_76.jpg', 76, '2025-12-19 11:01:06.784377+00'),
(115, 'product_16_lifestyle_77.jpg', 77, '2025-12-19 11:01:06.790238+00'),
(116, 'p16_77_front_4.jpg', 77, '2025-12-19 11:01:06.79616+00'),
(117, 'product_16_thumb_77.jpg', 77, '2025-12-19 11:01:06.802313+00'),
(118, 'item_78_variant_2.jpg', 78, '2025-12-19 11:01:06.807791+00'),
(119, 'product_16_color_white_78.jpg', 78, '2025-12-19 11:01:06.816903+00'),
(120, 'thumb_78_109.jpg', 78, '2025-12-19 11:01:06.823572+00'),
(121, 'model_17_product_79.jpg', 79, '2025-12-19 11:01:06.830366+00'),
(122, 'item_79_back_3.jpg', 79, '2025-12-19 11:01:06.836007+00'),
(123, 'product_16_thumb_80.jpg', 80, '2025-12-19 11:01:06.841831+00'),
(124, 'product_17_lifestyle_81.jpg', 81, '2025-12-19 11:01:06.848025+00'),
(125, 'product_17_color_black_81.jpg', 81, '2025-12-19 11:01:06.85386+00'),
(126, 'product_17_side_82.jpg', 82, '2025-12-19 11:01:06.85936+00'),
(127, 'item_83_back_3.jpg', 83, '2025-12-19 11:01:06.865388+00'),
(128, 'product_17_side_84.jpg', 84, '2025-12-19 11:01:06.871129+00'),
(129, 'p17_84_front_4.jpg', 84, '2025-12-19 11:01:06.876689+00'),
(130, 'model_18_product_84.jpg', 84, '2025-12-19 11:01:06.882591+00'),
(131, 'model_1_product_85.jpg', 85, '2025-12-19 11:01:06.888705+00'),
(132, 'product_18_main_86_659.jpg', 86, '2025-12-19 11:01:06.894985+00'),
(133, 'p18_86_studio_3.jpg', 86, '2025-12-19 11:01:06.901052+00'),
(134, 'p18_87_detail_4.jpg', 87, '2025-12-19 11:01:06.906834+00'),
(135, 'item_88_back_3.jpg', 88, '2025-12-19 11:01:06.91273+00'),
(136, 'product_18_hd_88.jpg', 88, '2025-12-19 11:01:06.918526+00'),
(137, 'product_18_main_89_150.jpg', 89, '2025-12-19 11:01:06.925374+00'),
(138, 'p18_89_front_4.jpg', 89, '2025-12-19 11:01:06.931668+00'),
(139, 'product_18_main_90_308.jpg', 90, '2025-12-19 11:01:06.940631+00'),
(140, 'p19_91_front_4.jpg', 91, '2025-12-19 11:01:06.947966+00'),
(141, 'item_92_high_res_1.jpg', 92, '2025-12-19 11:01:06.955349+00'),
(142, 'p19_93_studio_1.jpg', 93, '2025-12-19 11:01:06.960638+00'),
(143, 'item_94_high_res_2.jpg', 94, '2025-12-19 11:01:06.966619+00'),
(144, 'product_19_hd_95.jpg', 95, '2025-12-19 11:01:06.972583+00'),
(145, 'product_20_hd_96.jpg', 96, '2025-12-19 11:01:06.978417+00'),
(146, 'item_96_primary_85.jpg', 96, '2025-12-19 11:01:06.984696+00'),
(147, 'product_20_main_97_271.jpg', 97, '2025-12-19 11:01:06.990468+00'),
(148, 'p20_98_studio_2.jpg', 98, '2025-12-19 11:01:06.996476+00'),
(149, 'item_99_variant_1.jpg', 99, '2025-12-19 11:01:07.002513+00'),
(150, 'product_20_side_100.jpg', 100, '2025-12-19 11:01:07.010443+00'),
(151, 'thumb_100_233.jpg', 100, '2025-12-19 11:01:07.018416+00'),
(152, 'model_18_product_101.jpg', 101, '2025-12-19 11:01:07.024788+00'),
(153, 'p21_101_front_1.jpg', 101, '2025-12-19 11:01:07.030649+00'),
(154, 'p21_102_studio_1.jpg', 102, '2025-12-19 11:01:07.037268+00'),
(155, 'product_21_lifestyle_103.jpg', 103, '2025-12-19 11:01:07.04315+00'),
(156, 'thumb_104_632.jpg', 104, '2025-12-19 11:01:07.048938+00'),
(157, 'product_21_lifestyle_105.jpg', 105, '2025-12-19 11:01:07.055803+00'),
(158, 'p21_105_studio_3.jpg', 105, '2025-12-19 11:01:07.061871+00'),
(159, 'item_106_high_res_1.jpg', 106, '2025-12-19 11:01:07.067893+00'),
(160, 'product_22_main_106_235.jpg', 106, '2025-12-19 11:01:07.073847+00'),
(161, 'product_22_lifestyle_107.jpg', 107, '2025-12-19 11:01:07.079876+00'),
(162, 'product_22_hd_107.jpg', 107, '2025-12-19 11:01:07.086006+00'),
(163, 'thumb_107_537.jpg', 107, '2025-12-19 11:01:07.09198+00'),
(164, 'item_108_primary_81.jpg', 108, '2025-12-19 11:01:07.09787+00'),
(165, 'product_22_color_blue_109.jpg', 109, '2025-12-19 11:01:07.103961+00'),
(166, 'product_22_hd_110.jpg', 110, '2025-12-19 11:01:07.109741+00'),
(167, 'item_111_variant_1.jpg', 111, '2025-12-19 11:01:07.116577+00'),
(168, 'product_23_main_111_921.jpg', 111, '2025-12-19 11:01:07.122671+00'),
(169, 'p23_111_studio_2.jpg', 111, '2025-12-19 11:01:07.128499+00'),
(170, 'item_112_primary_39.jpg', 112, '2025-12-19 11:01:07.134321+00'),
(171, 'product_23_main_113_231.jpg', 113, '2025-12-19 11:01:07.13963+00'),
(172, 'p23_113_front_2.jpg', 113, '2025-12-19 11:01:07.145138+00'),
(173, 'product_23_hd_114.jpg', 114, '2025-12-19 11:01:07.150666+00'),
(174, 'product_23_color_black_115.jpg', 115, '2025-12-19 11:01:07.155837+00'),
(175, 'item_116_back_2.jpg', 116, '2025-12-19 11:01:07.161565+00'),
(176, 'product_24_color_black_117.jpg', 117, '2025-12-19 11:01:07.16748+00'),
(177, 'p24_118_detail_3.jpg', 118, '2025-12-19 11:01:07.173957+00'),
(178, 'p24_118_detail_3.jpg', 118, '2025-12-19 11:01:07.18151+00'),
(179, 'item_119_primary_41.jpg', 119, '2025-12-19 11:01:07.188285+00'),
(180, 'product_24_color_blue_120.jpg', 120, '2025-12-19 11:01:07.194161+00'),
(181, 'product_24_lifestyle_120.jpg', 120, '2025-12-19 11:01:07.199682+00'),
(182, 'product_25_hd_121.jpg', 121, '2025-12-19 11:01:07.205706+00'),
(183, 'p25_122_detail_3.jpg', 122, '2025-12-19 11:01:07.211453+00'),
(184, 'item_122_variant_1.jpg', 122, '2025-12-19 11:01:07.218553+00'),
(185, 'thumb_122_738.jpg', 122, '2025-12-19 11:01:07.224635+00'),
(186, 'product_25_side_123.jpg', 123, '2025-12-19 11:01:07.230565+00'),
(187, 'product_25_main_123_338.jpg', 123, '2025-12-19 11:01:07.2363+00'),
(188, 'product_25_side_124.jpg', 124, '2025-12-19 11:01:07.243113+00'),
(189, 'thumb_124_255.jpg', 124, '2025-12-19 11:01:07.249118+00'),
(190, 'item_125_variant_1.jpg', 125, '2025-12-19 11:01:07.256053+00'),
(191, 'product_25_lifestyle_125.jpg', 125, '2025-12-19 11:01:07.261878+00'),
(192, 'product_26_thumb_126.jpg', 126, '2025-12-19 11:01:07.267504+00'),
(193, 'item_127_primary_48.jpg', 127, '2025-12-19 11:01:07.273169+00'),
(194, 'product_26_side_128.jpg', 128, '2025-12-19 11:01:07.27881+00'),
(195, 'p26_129_front_4.jpg', 129, '2025-12-19 11:01:07.284486+00'),
(196, 'product_26_color_gray_130.jpg', 130, '2025-12-19 11:01:07.289831+00'),
(197, 'p27_131_studio_2.jpg', 131, '2025-12-19 11:01:07.295355+00'),
(198, 'item_131_high_res_1.jpg', 131, '2025-12-19 11:01:07.301676+00'),
(199, 'p27_132_front_5.jpg', 132, '2025-12-19 11:01:07.307557+00'),
(200, 'product_27_thumb_133.jpg', 133, '2025-12-19 11:01:07.312952+00'),
(201, 'item_134_primary_90.jpg', 134, '2025-12-19 11:01:07.319468+00'),
(202, 'item_135_back_2.jpg', 135, '2025-12-19 11:01:07.325106+00'),
(203, 'p27_135_studio_2.jpg', 135, '2025-12-19 11:01:07.331481+00'),
(204, 'product_28_main_136_472.jpg', 136, '2025-12-19 11:01:07.337222+00'),
(205, 'item_137_variant_2.jpg', 137, '2025-12-19 11:01:07.342567+00'),
(206, 'product_28_side_138.jpg', 138, '2025-12-19 11:01:07.348773+00'),
(207, 'thumb_138_613.jpg', 138, '2025-12-19 11:01:07.356208+00'),
(208, 'item_139_variant_1.jpg', 139, '2025-12-19 11:01:07.362268+00'),
(209, 'model_7_product_140.jpg', 140, '2025-12-19 11:01:07.3683+00'),
(210, 'item_140_variant_1.jpg', 140, '2025-12-19 11:01:07.373738+00'),
(211, 'item_141_back_2.jpg', 141, '2025-12-19 11:01:07.38077+00'),
(212, 'p29_141_detail_3.jpg', 141, '2025-12-19 11:01:07.386629+00'),
(213, 'p29_141_front_1.jpg', 141, '2025-12-19 11:01:07.392367+00'),
(214, 'item_142_variant_1.jpg', 142, '2025-12-19 11:01:07.398221+00'),
(215, 'product_29_lifestyle_143.jpg', 143, '2025-12-19 11:01:07.404278+00'),
(216, 'model_5_product_144.jpg', 144, '2025-12-19 11:01:07.409838+00'),
(217, 'product_29_lifestyle_145.jpg', 145, '2025-12-19 11:01:07.415689+00'),
(218, 'p29_145_studio_1.jpg', 145, '2025-12-19 11:01:07.421707+00'),
(219, 'p29_145_studio_3.jpg', 145, '2025-12-19 11:01:07.427044+00'),
(220, 'product_30_thumb_146.jpg', 146, '2025-12-19 11:01:07.433605+00'),
(221, 'item_147_back_3.jpg', 147, '2025-12-19 11:01:07.44011+00'),
(222, 'p30_148_detail_3.jpg', 148, '2025-12-19 11:01:07.446294+00'),
(223, 'product_30_thumb_148.jpg', 148, '2025-12-19 11:01:07.453213+00'),
(224, 'model_3_product_149.jpg', 149, '2025-12-19 11:01:07.460709+00'),
(225, 'p30_150_studio_1.jpg', 150, '2025-12-19 11:01:07.467722+00'),
(226, 'item_151_high_res_1.jpg', 151, '2025-12-19 11:01:07.473292+00'),
(227, 'item_152_variant_2.jpg', 152, '2025-12-19 11:01:07.479287+00'),
(228, 'product_31_thumb_153.jpg', 153, '2025-12-19 11:01:07.48512+00'),
(229, 'product_31_side_154.jpg', 154, '2025-12-19 11:01:07.49103+00'),
(230, 'p31_155_detail_1.jpg', 155, '2025-12-19 11:01:07.49663+00'),
(231, 'thumb_156_446.jpg', 156, '2025-12-19 11:01:07.503338+00'),
(232, 'product_32_thumb_156.jpg', 156, '2025-12-19 11:01:07.50991+00'),
(233, 'p32_157_detail_1.jpg', 157, '2025-12-19 11:01:07.516085+00'),
(234, 'product_32_color_gray_157.jpg', 157, '2025-12-19 11:01:07.523458+00'),
(235, 'product_32_thumb_158.jpg', 158, '2025-12-19 11:01:07.528829+00'),
(236, 'item_159_back_2.jpg', 159, '2025-12-19 11:01:07.534789+00'),
(237, 'product_32_hd_159.jpg', 159, '2025-12-19 11:01:07.540996+00'),
(238, 'product_32_hd_159.jpg', 159, '2025-12-19 11:01:07.546354+00'),
(239, 'model_10_product_160.jpg', 160, '2025-12-19 11:01:07.552728+00'),
(240, 'p32_160_front_4.jpg', 160, '2025-12-19 11:01:07.558784+00'),
(241, 'model_16_product_161.jpg', 161, '2025-12-19 11:01:07.565781+00'),
(242, 'model_18_product_162.jpg', 162, '2025-12-19 11:01:07.571658+00'),
(243, 'model_5_product_163.jpg', 163, '2025-12-19 11:01:07.577172+00'),
(244, 'product_33_lifestyle_163.jpg', 163, '2025-12-19 11:01:07.582944+00'),
(245, 'thumb_164_861.jpg', 164, '2025-12-19 11:01:07.588117+00'),
(246, 'p33_164_studio_1.jpg', 164, '2025-12-19 11:01:07.59342+00'),
(247, 'product_33_main_165_369.jpg', 165, '2025-12-19 11:01:07.601315+00'),
(248, 'p34_166_studio_3.jpg', 166, '2025-12-19 11:01:07.607391+00'),
(249, 'item_166_high_res_2.jpg', 166, '2025-12-19 11:01:07.612949+00'),
(250, 'product_34_main_167_851.jpg', 167, '2025-12-19 11:01:07.619103+00'),
(251, 'p34_167_studio_2.jpg', 167, '2025-12-19 11:01:07.624573+00'),
(252, 'product_34_thumb_167.jpg', 167, '2025-12-19 11:01:07.630469+00'),
(253, 'p34_168_studio_1.jpg', 168, '2025-12-19 11:01:07.636215+00'),
(254, 'item_169_high_res_2.jpg', 169, '2025-12-19 11:01:07.641887+00'),
(255, 'product_34_hd_169.jpg', 169, '2025-12-19 11:01:07.64786+00'),
(256, 'item_170_back_1.jpg', 170, '2025-12-19 11:01:07.65405+00'),
(257, 'product_34_color_black_170.jpg', 170, '2025-12-19 11:01:07.66034+00'),
(258, 'product_34_thumb_170.jpg', 170, '2025-12-19 11:01:07.666226+00'),
(259, 'product_35_hd_171.jpg', 171, '2025-12-19 11:01:07.672044+00'),
(260, 'model_13_product_172.jpg', 172, '2025-12-19 11:01:07.677819+00'),
(261, 'product_35_color_gray_172.jpg', 172, '2025-12-19 11:01:07.683927+00'),
(262, 'p35_173_front_3.jpg', 173, '2025-12-19 11:01:07.690017+00'),
(263, 'item_174_back_2.jpg', 174, '2025-12-19 11:01:07.697198+00'),
(264, 'product_35_thumb_174.jpg', 174, '2025-12-19 11:01:07.703037+00'),
(265, 'item_175_variant_2.jpg', 175, '2025-12-19 11:01:07.708465+00'),
(266, 'product_36_thumb_176.jpg', 176, '2025-12-19 11:01:07.7146+00'),
(267, 'item_177_high_res_2.jpg', 177, '2025-12-19 11:01:07.720336+00'),
(268, 'item_177_high_res_2.jpg', 177, '2025-12-19 11:01:07.725537+00'),
(269, 'model_16_product_177.jpg', 177, '2025-12-19 11:01:07.731741+00'),
(270, 'product_36_color_blue_178.jpg', 178, '2025-12-19 11:01:07.738165+00'),
(271, 'product_36_main_179_399.jpg', 179, '2025-12-19 11:01:07.743725+00'),
(272, 'p36_180_detail_3.jpg', 180, '2025-12-19 11:01:07.749384+00'),
(273, 'product_36_hd_180.jpg', 180, '2025-12-19 11:01:07.754834+00'),
(274, 'p37_181_detail_4.jpg', 181, '2025-12-19 11:01:07.760863+00'),
(275, 'p37_181_studio_3.jpg', 181, '2025-12-19 11:01:07.766399+00'),
(276, 'item_181_primary_75.jpg', 181, '2025-12-19 11:01:07.771614+00'),
(277, 'product_37_hd_182.jpg', 182, '2025-12-19 11:01:07.776983+00'),
(278, 'model_7_product_182.jpg', 182, '2025-12-19 11:01:07.783431+00'),
(279, 'p37_183_detail_3.jpg', 183, '2025-12-19 11:01:07.789015+00'),
(280, 'product_37_lifestyle_183.jpg', 183, '2025-12-19 11:01:07.796267+00'),
(281, 'p37_184_front_5.jpg', 184, '2025-12-19 11:01:07.801852+00'),
(282, 'product_37_lifestyle_184.jpg', 184, '2025-12-19 11:01:07.806845+00'),
(283, 'product_37_thumb_185.jpg', 185, '2025-12-19 11:01:07.812387+00'),
(284, 'item_185_variant_1.jpg', 185, '2025-12-19 11:01:07.818309+00'),
(285, 'item_185_variant_1.jpg', 185, '2025-12-19 11:01:07.823525+00'),
(286, 'p38_186_detail_3.jpg', 186, '2025-12-19 11:01:07.829071+00'),
(287, 'item_187_back_1.jpg', 187, '2025-12-19 11:01:07.834861+00'),
(288, 'model_1_product_187.jpg', 187, '2025-12-19 11:01:07.83999+00'),
(289, 'thumb_188_182.jpg', 188, '2025-12-19 11:01:07.845445+00'),
(290, 'product_38_thumb_188.jpg', 188, '2025-12-19 11:01:07.850538+00'),
(291, 'p38_189_detail_4.jpg', 189, '2025-12-19 11:01:07.855908+00'),
(292, 'thumb_189_141.jpg', 189, '2025-12-19 11:01:07.861527+00'),
(293, 'item_189_variant_2.jpg', 189, '2025-12-19 11:01:07.867241+00'),
(294, 'product_38_hd_190.jpg', 190, '2025-12-19 11:01:07.872167+00'),
(295, 'p38_190_detail_2.jpg', 190, '2025-12-19 11:01:07.879736+00'),
(296, 'product_39_thumb_191.jpg', 191, '2025-12-19 11:01:07.886584+00'),
(297, 'product_39_lifestyle_191.jpg', 191, '2025-12-19 11:01:07.893044+00'),
(298, 'item_192_variant_1.jpg', 192, '2025-12-19 11:01:07.8986+00'),
(299, 'p39_193_studio_2.jpg', 193, '2025-12-19 11:01:07.904106+00'),
(300, 'item_193_high_res_1.jpg', 193, '2025-12-19 11:01:07.909477+00'),
(301, 'product_39_side_194.jpg', 194, '2025-12-19 11:01:07.915245+00'),
(302, 'p39_195_front_5.jpg', 195, '2025-12-19 11:01:07.9208+00'),
(303, 'product_40_hd_196.jpg', 196, '2025-12-19 11:01:07.926363+00'),
(304, 'p40_197_detail_3.jpg', 197, '2025-12-19 11:01:07.932177+00'),
(305, 'product_40_main_197_579.jpg', 197, '2025-12-19 11:01:07.937413+00'),
(306, 'product_40_thumb_197.jpg', 197, '2025-12-19 11:01:07.942717+00'),
(307, 'model_1_product_198.jpg', 198, '2025-12-19 11:01:07.94807+00'),
(308, 'p40_199_studio_1.jpg', 199, '2025-12-19 11:01:07.953603+00'),
(309, 'item_200_primary_53.jpg', 200, '2025-12-19 11:01:07.959314+00'),
(310, 'p41_201_studio_2.jpg', 201, '2025-12-19 11:01:07.96467+00'),
(311, 'product_41_thumb_202.jpg', 202, '2025-12-19 11:01:07.970557+00'),
(312, 'thumb_203_632.jpg', 203, '2025-12-19 11:01:07.976166+00'),
(313, 'item_203_high_res_1.jpg', 203, '2025-12-19 11:01:07.981748+00'),
(314, 'product_41_side_204.jpg', 204, '2025-12-19 11:01:07.987276+00'),
(315, 'product_41_side_204.jpg', 204, '2025-12-19 11:01:07.992467+00'),
(316, 'p41_205_studio_1.jpg', 205, '2025-12-19 11:01:07.997815+00'),
(317, 'product_41_color_gray_205.jpg', 205, '2025-12-19 11:01:08.00407+00'),
(318, 'p42_206_front_3.jpg', 206, '2025-12-19 11:01:08.009654+00'),
(319, 'item_207_back_1.jpg', 207, '2025-12-19 11:01:08.015332+00'),
(320, 'p42_208_studio_3.jpg', 208, '2025-12-19 11:01:08.021203+00'),
(321, 'product_42_hd_208.jpg', 208, '2025-12-19 11:01:08.026793+00'),
(322, 'product_42_thumb_209.jpg', 209, '2025-12-19 11:01:08.032267+00'),
(323, 'product_42_color_blue_210.jpg', 210, '2025-12-19 11:01:08.037474+00'),
(324, 'product_43_main_211_570.jpg', 211, '2025-12-19 11:01:08.042978+00'),
(325, 'product_43_thumb_211.jpg', 211, '2025-12-19 11:01:08.048598+00'),
(326, 'product_43_hd_212.jpg', 212, '2025-12-19 11:01:08.054254+00'),
(327, 'item_212_primary_66.jpg', 212, '2025-12-19 11:01:08.060131+00'),
(328, 'model_1_product_213.jpg', 213, '2025-12-19 11:01:08.06715+00'),
(329, 'product_43_thumb_214.jpg', 214, '2025-12-19 11:01:08.072226+00'),
(330, 'p43_215_studio_1.jpg', 215, '2025-12-19 11:01:08.077915+00'),
(331, 'model_14_product_215.jpg', 215, '2025-12-19 11:01:08.084204+00'),
(332, 'model_6_product_215.jpg', 215, '2025-12-19 11:01:08.089767+00'),
(333, 'p44_216_studio_3.jpg', 216, '2025-12-19 11:01:08.09572+00'),
(334, 'item_216_high_res_2.jpg', 216, '2025-12-19 11:01:08.101331+00'),
(335, 'product_44_main_217_330.jpg', 217, '2025-12-19 11:01:08.106689+00'),
(336, 'product_44_hd_218.jpg', 218, '2025-12-19 11:01:08.112678+00'),
(337, 'product_44_color_gray_218.jpg', 218, '2025-12-19 11:01:08.11874+00'),
(338, 'p44_219_detail_1.jpg', 219, '2025-12-19 11:01:08.124481+00'),
(339, 'product_44_side_220.jpg', 220, '2025-12-19 11:01:08.130931+00'),
(340, 'model_18_product_220.jpg', 220, '2025-12-19 11:01:08.137643+00'),
(341, 'product_45_side_221.jpg', 221, '2025-12-19 11:01:08.144249+00'),
(342, 'p45_221_front_3.jpg', 221, '2025-12-19 11:01:08.151164+00'),
(343, 'product_45_main_222_959.jpg', 222, '2025-12-19 11:01:08.156943+00'),
(344, 'p45_223_front_2.jpg', 223, '2025-12-19 11:01:08.162984+00'),
(345, 'product_45_side_224.jpg', 224, '2025-12-19 11:01:08.168501+00'),
(346, 'p45_224_studio_3.jpg', 224, '2025-12-19 11:01:08.173995+00'),
(347, 'item_225_variant_2.jpg', 225, '2025-12-19 11:01:08.179704+00'),
(348, 'item_225_back_3.jpg', 225, '2025-12-19 11:01:08.185497+00'),
(349, 'item_226_variant_2.jpg', 226, '2025-12-19 11:01:08.192039+00'),
(350, 'model_15_product_227.jpg', 227, '2025-12-19 11:01:08.198006+00'),
(351, 'p46_227_detail_1.jpg', 227, '2025-12-19 11:01:08.204653+00'),
(352, 'product_46_hd_228.jpg', 228, '2025-12-19 11:01:08.210633+00'),
(353, 'item_229_back_3.jpg', 229, '2025-12-19 11:01:08.216047+00'),
(354, 'product_46_side_229.jpg', 229, '2025-12-19 11:01:08.221838+00'),
(355, 'item_230_primary_15.jpg', 230, '2025-12-19 11:01:08.227466+00'),
(356, 'product_46_side_230.jpg', 230, '2025-12-19 11:01:08.233331+00'),
(357, 'item_230_primary_86.jpg', 230, '2025-12-19 11:01:08.239389+00'),
(358, 'p47_231_studio_1.jpg', 231, '2025-12-19 11:01:08.245612+00'),
(359, 'p47_231_front_2.jpg', 231, '2025-12-19 11:01:08.251742+00'),
(360, 'p47_231_studio_2.jpg', 231, '2025-12-19 11:01:08.257246+00'),
(361, 'thumb_232_834.jpg', 232, '2025-12-19 11:01:08.263026+00'),
(362, 'thumb_233_626.jpg', 233, '2025-12-19 11:01:08.268834+00'),
(363, 'item_234_high_res_2.jpg', 234, '2025-12-19 11:01:08.274426+00'),
(364, 'thumb_235_757.jpg', 235, '2025-12-19 11:01:08.280318+00'),
(365, 'thumb_236_716.jpg', 236, '2025-12-19 11:01:08.286278+00'),
(366, 'product_48_color_white_236.jpg', 236, '2025-12-19 11:01:08.292249+00'),
(367, 'product_48_side_236.jpg', 236, '2025-12-19 11:01:08.297743+00'),
(368, 'item_237_back_1.jpg', 237, '2025-12-19 11:01:08.304695+00'),
(369, 'p48_238_studio_3.jpg', 238, '2025-12-19 11:01:08.310513+00'),
(370, 'p48_239_front_4.jpg', 239, '2025-12-19 11:01:08.316337+00'),
(371, 'product_48_side_239.jpg', 239, '2025-12-19 11:01:08.32183+00'),
(372, 'model_18_product_240.jpg', 240, '2025-12-19 11:01:08.327528+00'),
(373, 'p49_241_front_1.jpg', 241, '2025-12-19 11:01:08.333562+00'),
(374, 'p49_241_studio_3.jpg', 241, '2025-12-19 11:01:08.339141+00'),
(375, 'item_241_back_1.jpg', 241, '2025-12-19 11:01:08.344962+00'),
(376, 'item_242_primary_74.jpg', 242, '2025-12-19 11:01:08.35083+00'),
(377, 'p49_243_front_3.jpg', 243, '2025-12-19 11:01:08.356538+00'),
(378, 'model_18_product_243.jpg', 243, '2025-12-19 11:01:08.362335+00'),
(379, 'p49_243_front_3.jpg', 243, '2025-12-19 11:01:08.367847+00'),
(380, 'item_244_back_1.jpg', 244, '2025-12-19 11:01:08.373584+00'),
(381, 'product_49_lifestyle_245.jpg', 245, '2025-12-19 11:01:08.379847+00'),
(382, 'item_246_high_res_1.jpg', 246, '2025-12-19 11:01:08.386877+00'),
(383, 'product_50_main_246_657.jpg', 246, '2025-12-19 11:01:08.392847+00'),
(384, 'product_50_thumb_247.jpg', 247, '2025-12-19 11:01:08.398319+00'),
(385, 'product_50_hd_248.jpg', 248, '2025-12-19 11:01:08.404312+00'),
(386, 'product_50_thumb_249.jpg', 249, '2025-12-19 11:01:08.410016+00'),
(387, 'item_249_back_3.jpg', 249, '2025-12-19 11:01:08.415801+00'),
(388, 'p50_250_studio_2.jpg', 250, '2025-12-19 11:01:08.421722+00'),
(389, 'p50_250_front_5.jpg', 250, '2025-12-19 11:01:08.429608+00'),
(390, 'p51_251_detail_2.jpg', 251, '2025-12-19 11:01:08.436814+00'),
(391, 'product_51_main_252_426.jpg', 252, '2025-12-19 11:01:08.44337+00'),
(392, 'p51_252_studio_2.jpg', 252, '2025-12-19 11:01:08.450302+00'),
(393, 'product_51_thumb_253.jpg', 253, '2025-12-19 11:01:08.456283+00'),
(394, 'product_51_color_white_253.jpg', 253, '2025-12-19 11:01:08.461987+00'),
(395, 'thumb_254_116.jpg', 254, '2025-12-19 11:01:08.467816+00'),
(396, 'p51_255_studio_1.jpg', 255, '2025-12-19 11:01:08.476254+00'),
(397, 'p51_255_studio_2.jpg', 255, '2025-12-19 11:01:08.482705+00'),
(398, 'p51_255_studio_1.jpg', 255, '2025-12-19 11:01:08.488617+00'),
(399, 'product_52_thumb_256.jpg', 256, '2025-12-19 11:01:08.494962+00'),
(400, 'item_256_back_2.jpg', 256, '2025-12-19 11:01:08.501131+00'),
(401, 'p52_257_front_3.jpg', 257, '2025-12-19 11:01:08.506801+00'),
(402, 'p52_257_front_3.jpg', 257, '2025-12-19 11:01:08.51226+00'),
(403, 'item_258_variant_1.jpg', 258, '2025-12-19 11:01:08.517775+00'),
(404, 'product_52_lifestyle_259.jpg', 259, '2025-12-19 11:01:08.523116+00'),
(405, 'product_52_thumb_260.jpg', 260, '2025-12-19 11:01:08.528763+00'),
(406, 'product_53_main_261_477.jpg', 261, '2025-12-19 11:01:08.534437+00'),
(407, 'product_53_lifestyle_261.jpg', 261, '2025-12-19 11:01:08.540378+00'),
(408, 'item_262_variant_1.jpg', 262, '2025-12-19 11:01:08.547113+00'),
(409, 'thumb_263_601.jpg', 263, '2025-12-19 11:01:08.55438+00'),
(410, 'product_53_side_263.jpg', 263, '2025-12-19 11:01:08.560861+00'),
(411, 'product_53_side_263.jpg', 263, '2025-12-19 11:01:08.567984+00'),
(412, 'product_53_color_gray_264.jpg', 264, '2025-12-19 11:01:08.574493+00'),
(413, 'item_265_back_1.jpg', 265, '2025-12-19 11:01:08.580766+00'),
(414, 'product_54_hd_266.jpg', 266, '2025-12-19 11:01:08.587668+00'),
(415, 'product_54_color_gray_267.jpg', 267, '2025-12-19 11:01:08.593426+00'),
(416, 'item_268_back_1.jpg', 268, '2025-12-19 11:01:08.599384+00'),
(417, 'product_54_side_269.jpg', 269, '2025-12-19 11:01:08.605485+00'),
(418, 'p54_269_studio_2.jpg', 269, '2025-12-19 11:01:08.615118+00'),
(419, 'product_54_hd_269.jpg', 269, '2025-12-19 11:01:08.621199+00'),
(420, 'product_54_main_270_572.jpg', 270, '2025-12-19 11:01:08.627005+00'),
(421, 'item_270_variant_2.jpg', 270, '2025-12-19 11:01:08.632395+00'),
(422, 'p55_271_studio_1.jpg', 271, '2025-12-19 11:01:08.637978+00'),
(423, 'p55_272_detail_4.jpg', 272, '2025-12-19 11:01:08.643809+00'),
(424, 'product_55_thumb_272.jpg', 272, '2025-12-19 11:01:08.649456+00'),
(425, 'p55_273_detail_3.jpg', 273, '2025-12-19 11:01:08.655346+00'),
(426, 'product_55_hd_274.jpg', 274, '2025-12-19 11:01:08.661382+00'),
(427, 'item_275_high_res_1.jpg', 275, '2025-12-19 11:01:08.667607+00'),
(428, 'product_55_lifestyle_275.jpg', 275, '2025-12-19 11:01:08.673391+00'),
(429, 'product_56_hd_276.jpg', 276, '2025-12-19 11:01:08.680474+00'),
(430, 'product_56_thumb_277.jpg', 277, '2025-12-19 11:01:08.687077+00'),
(431, 'item_277_variant_1.jpg', 277, '2025-12-19 11:01:08.694116+00'),
(432, 'item_278_high_res_2.jpg', 278, '2025-12-19 11:01:08.701652+00'),
(433, 'item_279_primary_44.jpg', 279, '2025-12-19 11:01:08.70919+00'),
(434, 'item_280_variant_1.jpg', 280, '2025-12-19 11:01:08.715825+00'),
(435, 'product_57_lifestyle_281.jpg', 281, '2025-12-19 11:01:08.721877+00'),
(436, 'product_57_side_281.jpg', 281, '2025-12-19 11:01:08.727994+00'),
(437, 'model_10_product_281.jpg', 281, '2025-12-19 11:01:08.734674+00'),
(438, 'product_57_thumb_282.jpg', 282, '2025-12-19 11:01:08.740608+00'),
(439, 'item_283_primary_63.jpg', 283, '2025-12-19 11:01:08.747102+00'),
(440, 'item_284_variant_2.jpg', 284, '2025-12-19 11:01:08.753247+00'),
(441, 'product_57_side_285.jpg', 285, '2025-12-19 11:01:08.75999+00'),
(442, 'product_57_thumb_285.jpg', 285, '2025-12-19 11:01:08.766753+00'),
(443, 'item_285_primary_80.jpg', 285, '2025-12-19 11:01:08.772698+00'),
(444, 'p58_286_detail_3.jpg', 286, '2025-12-19 11:01:08.779008+00'),
(445, 'p58_286_studio_2.jpg', 286, '2025-12-19 11:01:08.784702+00'),
(446, 'product_58_main_287_737.jpg', 287, '2025-12-19 11:01:08.790768+00'),
(447, 'product_58_main_287_571.jpg', 287, '2025-12-19 11:01:08.797367+00'),
(448, 'item_288_back_3.jpg', 288, '2025-12-19 11:01:08.803516+00'),
(449, 'p58_289_studio_2.jpg', 289, '2025-12-19 11:01:08.81+00'),
(450, 'item_290_high_res_2.jpg', 290, '2025-12-19 11:01:08.817472+00'),
(451, 'item_290_variant_2.jpg', 290, '2025-12-19 11:01:08.823353+00'),
(452, 'p59_291_studio_3.jpg', 291, '2025-12-19 11:01:08.829347+00'),
(453, 'product_59_lifestyle_291.jpg', 291, '2025-12-19 11:01:08.835038+00'),
(454, 'item_292_primary_51.jpg', 292, '2025-12-19 11:01:08.84134+00'),
(455, 'product_59_main_293_203.jpg', 293, '2025-12-19 11:01:08.847969+00'),
(456, 'product_59_lifestyle_294.jpg', 294, '2025-12-19 11:01:08.854429+00'),
(457, 'item_294_high_res_2.jpg', 294, '2025-12-19 11:01:08.860361+00'),
(458, 'model_3_product_295.jpg', 295, '2025-12-19 11:01:08.866358+00'),
(459, 'product_60_lifestyle_296.jpg', 296, '2025-12-19 11:01:08.872481+00'),
(460, 'product_60_color_white_297.jpg', 297, '2025-12-19 11:01:08.878437+00'),
(461, 'item_298_primary_44.jpg', 298, '2025-12-19 11:01:08.884669+00'),
(462, 'p60_299_detail_3.jpg', 299, '2025-12-19 11:01:08.890171+00'),
(463, 'item_300_high_res_2.jpg', 300, '2025-12-19 11:01:08.896332+00'),
(464, 'model_2_product_301.jpg', 301, '2025-12-19 11:01:08.90231+00'),
(465, 'product_61_lifestyle_301.jpg', 301, '2025-12-19 11:01:08.908128+00'),
(466, 'p61_301_studio_3.jpg', 301, '2025-12-19 11:01:08.91653+00'),
(467, 'item_302_variant_2.jpg', 302, '2025-12-19 11:01:08.922356+00'),
(468, 'product_61_lifestyle_303.jpg', 303, '2025-12-19 11:01:08.928085+00'),
(469, 'p61_304_detail_3.jpg', 304, '2025-12-19 11:01:08.93379+00'),
(470, 'thumb_305_531.jpg', 305, '2025-12-19 11:01:08.939547+00');
INSERT INTO "public"."attribute_type" ("id", "attribute_type_name") VALUES
(1, 'body_fit'),
(2, 'season');
INSERT INTO "public"."attribute_option" ("id", "attribute_option_name", "attribute_type_id") VALUES
(1, 'regular', 1),
(2, 'slim', 1),
(3, 'oversized', 1),
(4, 'spring', 2),
(5, 'summer', 2),
(6, 'fall', 2),
(7, 'winter', 2),
(8, 'all_season', 2);
INSERT INTO "public"."product_attribute" ("id", "attribute_option_id", "product_id") VALUES
(1, 1, 1),
(2, 8, 1),
(3, 2, 2),
(4, 5, 2),
(5, 3, 3),
(6, 4, 3),
(7, 6, 3),
(8, 1, 4),
(9, 8, 4),
(10, 3, 5),
(11, 5, 5),
(12, 6, 5),
(13, 2, 6),
(14, 4, 6),
(15, 5, 6),
(16, 1, 7),
(17, 8, 7),
(18, 1, 8),
(19, 8, 8),
(20, 1, 9),
(21, 8, 9),
(22, 2, 10),
(23, 8, 10),
(24, 2, 11),
(25, 4, 11),
(26, 5, 11),
(27, 1, 12),
(28, 5, 12),
(29, 6, 12),
(30, 3, 13),
(31, 6, 13),
(32, 7, 13),
(33, 1, 14),
(34, 6, 14),
(35, 7, 14),
(36, 3, 15),
(37, 7, 15),
(38, 2, 16),
(39, 8, 16),
(40, 1, 17),
(41, 8, 17),
(42, 3, 18),
(43, 5, 18),
(44, 2, 19),
(45, 4, 19),
(46, 6, 19),
(47, 1, 20),
(48, 8, 20),
(49, 1, 21),
(50, 8, 21),
(51, 1, 22),
(52, 8, 22),
(53, 2, 23),
(54, 8, 23),
(55, 1, 24),
(56, 8, 24),
(57, 1, 25),
(58, 6, 25),
(59, 7, 25),
(60, 3, 26),
(61, 6, 26),
(62, 7, 26),
(63, 2, 27),
(64, 7, 27),
(65, 1, 28),
(66, 6, 28),
(67, 2, 29),
(68, 8, 29),
(69, 3, 30),
(70, 4, 30),
(71, 5, 30),
(72, 1, 31),
(73, 8, 31),
(74, 2, 32),
(75, 8, 32),
(76, 1, 33),
(77, 6, 33),
(78, 7, 33),
(79, 2, 34),
(80, 7, 34),
(81, 1, 35),
(82, 6, 35),
(83, 1, 36),
(84, 8, 36),
(85, 2, 37),
(86, 8, 37),
(87, 3, 38),
(88, 4, 38),
(89, 5, 38),
(90, 1, 39),
(91, 8, 39),
(92, 3, 40),
(93, 8, 40),
(94, 3, 41),
(95, 5, 41),
(96, 6, 41),
(97, 2, 42),
(98, 8, 42),
(99, 2, 43),
(100, 4, 43),
(101, 5, 43),
(102, 2, 44),
(103, 8, 44),
(104, 2, 45),
(105, 8, 45),
(106, 2, 46),
(107, 6, 46),
(108, 7, 46),
(109, 2, 47),
(110, 8, 47),
(111, 2, 48),
(112, 4, 48),
(113, 5, 48),
(114, 1, 49),
(115, 8, 49),
(116, 2, 50),
(117, 8, 50),
(118, 1, 51),
(119, 4, 51),
(120, 6, 51),
(121, 3, 52),
(122, 6, 52),
(123, 7, 52),
(124, 1, 53),
(125, 7, 53),
(126, 3, 54),
(127, 8, 54),
(128, 1, 55),
(129, 8, 55),
(130, 1, 56),
(131, 5, 56),
(132, 2, 57),
(133, 4, 57),
(134, 5, 57),
(135, 1, 58),
(136, 8, 58),
(137, 1, 59),
(138, 8, 59),
(139, 2, 60),
(140, 8, 60);
INSERT INTO "public"."product_variation" ("id", "qty_in_stock", "product_item_id", "size_id", "created_at", "updated_at") VALUES
(1, 23, 1, 1, '2025-12-19 11:00:52.911164+00', '2025-12-19 11:00:52.911164+00'),
(2, 41, 1, 2, '2025-12-19 11:00:52.919393+00', '2025-12-19 11:00:52.919393+00'),
(3, 57, 1, 3, '2025-12-19 11:00:52.926445+00', '2025-12-19 11:00:52.926445+00'),
(4, 59, 1, 4, '2025-12-19 11:00:52.933423+00', '2025-12-19 11:00:52.933423+00'),
(5, 20, 1, 5, '2025-12-19 11:00:52.94035+00', '2025-12-19 11:00:52.94035+00'),
(6, 52, 2, 1, '2025-12-19 11:00:52.953124+00', '2025-12-19 11:00:52.953124+00'),
(7, 22, 2, 2, '2025-12-19 11:00:52.959241+00', '2025-12-19 11:00:52.959241+00'),
(8, 45, 2, 3, '2025-12-19 11:00:52.964634+00', '2025-12-19 11:00:52.964634+00'),
(9, 25, 2, 4, '2025-12-19 11:00:52.970107+00', '2025-12-19 11:00:52.970107+00'),
(10, 17, 2, 5, '2025-12-19 11:00:52.975512+00', '2025-12-19 11:00:52.975512+00'),
(11, 58, 3, 1, '2025-12-19 11:00:52.987916+00', '2025-12-19 11:00:52.987916+00'),
(12, 52, 3, 2, '2025-12-19 11:00:52.993988+00', '2025-12-19 11:00:52.993988+00'),
(13, 36, 3, 3, '2025-12-19 11:00:53.000154+00', '2025-12-19 11:00:53.000154+00'),
(14, 14, 3, 4, '2025-12-19 11:00:53.006607+00', '2025-12-19 11:00:53.006607+00'),
(15, 29, 3, 5, '2025-12-19 11:00:53.012831+00', '2025-12-19 11:00:53.012831+00'),
(16, 54, 4, 1, '2025-12-19 11:00:53.024017+00', '2025-12-19 11:00:53.024017+00'),
(17, 17, 4, 2, '2025-12-19 11:00:53.029603+00', '2025-12-19 11:00:53.029603+00'),
(18, 35, 4, 3, '2025-12-19 11:00:53.034765+00', '2025-12-19 11:00:53.034765+00'),
(19, 17, 4, 4, '2025-12-19 11:00:53.039929+00', '2025-12-19 11:00:53.039929+00'),
(20, 57, 4, 5, '2025-12-19 11:00:53.045643+00', '2025-12-19 11:00:53.045643+00'),
(21, 52, 5, 1, '2025-12-19 11:00:53.05686+00', '2025-12-19 11:00:53.05686+00'),
(22, 43, 5, 2, '2025-12-19 11:00:53.062107+00', '2025-12-19 11:00:53.062107+00'),
(23, 25, 5, 3, '2025-12-19 11:00:53.068547+00', '2025-12-19 11:00:53.068547+00'),
(24, 46, 5, 4, '2025-12-19 11:00:53.075434+00', '2025-12-19 11:00:53.075434+00'),
(25, 60, 5, 5, '2025-12-19 11:00:53.082007+00', '2025-12-19 11:00:53.082007+00'),
(26, 18, 6, 1, '2025-12-19 11:00:53.103445+00', '2025-12-19 11:00:53.103445+00'),
(27, 53, 6, 2, '2025-12-19 11:00:53.109729+00', '2025-12-19 11:00:53.109729+00'),
(28, 28, 6, 3, '2025-12-19 11:00:53.116267+00', '2025-12-19 11:00:53.116267+00'),
(29, 10, 6, 4, '2025-12-19 11:00:53.122847+00', '2025-12-19 11:00:53.122847+00'),
(30, 58, 6, 5, '2025-12-19 11:00:53.129088+00', '2025-12-19 11:00:53.129088+00'),
(31, 52, 7, 1, '2025-12-19 11:00:53.142213+00', '2025-12-19 11:00:53.142213+00'),
(32, 52, 7, 2, '2025-12-19 11:00:53.149234+00', '2025-12-19 11:00:53.149234+00'),
(33, 36, 7, 3, '2025-12-19 11:00:53.156027+00', '2025-12-19 11:00:53.156027+00'),
(34, 40, 7, 4, '2025-12-19 11:00:53.162407+00', '2025-12-19 11:00:53.162407+00'),
(35, 52, 7, 5, '2025-12-19 11:00:53.167679+00', '2025-12-19 11:00:53.167679+00'),
(36, 60, 8, 1, '2025-12-19 11:00:53.178601+00', '2025-12-19 11:00:53.178601+00'),
(37, 46, 8, 2, '2025-12-19 11:00:53.185022+00', '2025-12-19 11:00:53.185022+00'),
(38, 20, 8, 3, '2025-12-19 11:00:53.191279+00', '2025-12-19 11:00:53.191279+00'),
(39, 28, 8, 4, '2025-12-19 11:00:53.197211+00', '2025-12-19 11:00:53.197211+00'),
(40, 52, 8, 5, '2025-12-19 11:00:53.203069+00', '2025-12-19 11:00:53.203069+00'),
(41, 57, 9, 1, '2025-12-19 11:00:53.214369+00', '2025-12-19 11:00:53.214369+00'),
(42, 33, 9, 2, '2025-12-19 11:00:53.219887+00', '2025-12-19 11:00:53.219887+00'),
(43, 15, 9, 3, '2025-12-19 11:00:53.225829+00', '2025-12-19 11:00:53.225829+00'),
(44, 31, 9, 4, '2025-12-19 11:00:53.231948+00', '2025-12-19 11:00:53.231948+00'),
(45, 41, 9, 5, '2025-12-19 11:00:53.237895+00', '2025-12-19 11:00:53.237895+00'),
(46, 58, 10, 1, '2025-12-19 11:00:53.248742+00', '2025-12-19 11:00:53.248742+00'),
(47, 13, 10, 2, '2025-12-19 11:00:53.254389+00', '2025-12-19 11:00:53.254389+00'),
(48, 60, 10, 3, '2025-12-19 11:00:53.259835+00', '2025-12-19 11:00:53.259835+00'),
(49, 31, 10, 4, '2025-12-19 11:00:53.265399+00', '2025-12-19 11:00:53.265399+00'),
(50, 54, 10, 5, '2025-12-19 11:00:53.270881+00', '2025-12-19 11:00:53.270881+00'),
(51, 23, 11, 1, '2025-12-19 11:00:53.289935+00', '2025-12-19 11:00:53.289935+00'),
(52, 56, 11, 2, '2025-12-19 11:00:53.296085+00', '2025-12-19 11:00:53.296085+00'),
(53, 36, 11, 3, '2025-12-19 11:00:53.302808+00', '2025-12-19 11:00:53.302808+00'),
(54, 25, 11, 4, '2025-12-19 11:00:53.308512+00', '2025-12-19 11:00:53.308512+00'),
(55, 46, 11, 5, '2025-12-19 11:00:53.314424+00', '2025-12-19 11:00:53.314424+00'),
(56, 40, 12, 1, '2025-12-19 11:00:53.325774+00', '2025-12-19 11:00:53.325774+00'),
(57, 17, 12, 2, '2025-12-19 11:00:53.331709+00', '2025-12-19 11:00:53.331709+00'),
(58, 32, 12, 3, '2025-12-19 11:00:53.337334+00', '2025-12-19 11:00:53.337334+00'),
(59, 47, 12, 4, '2025-12-19 11:00:53.343225+00', '2025-12-19 11:00:53.343225+00'),
(60, 43, 12, 5, '2025-12-19 11:00:53.34885+00', '2025-12-19 11:00:53.34885+00'),
(61, 46, 13, 1, '2025-12-19 11:00:53.361233+00', '2025-12-19 11:00:53.361233+00'),
(62, 11, 13, 2, '2025-12-19 11:00:53.366762+00', '2025-12-19 11:00:53.366762+00'),
(63, 52, 13, 3, '2025-12-19 11:00:53.372124+00', '2025-12-19 11:00:53.372124+00'),
(64, 48, 13, 4, '2025-12-19 11:00:53.378219+00', '2025-12-19 11:00:53.378219+00'),
(65, 12, 13, 5, '2025-12-19 11:00:53.386279+00', '2025-12-19 11:00:53.386279+00'),
(66, 27, 14, 1, '2025-12-19 11:00:53.399816+00', '2025-12-19 11:00:53.399816+00'),
(67, 19, 14, 2, '2025-12-19 11:00:53.405205+00', '2025-12-19 11:00:53.405205+00'),
(68, 40, 14, 3, '2025-12-19 11:00:53.411372+00', '2025-12-19 11:00:53.411372+00'),
(69, 60, 14, 4, '2025-12-19 11:00:53.417212+00', '2025-12-19 11:00:53.417212+00'),
(70, 22, 14, 5, '2025-12-19 11:00:53.422826+00', '2025-12-19 11:00:53.422826+00'),
(71, 20, 15, 1, '2025-12-19 11:00:53.43469+00', '2025-12-19 11:00:53.43469+00'),
(72, 56, 15, 2, '2025-12-19 11:00:53.439925+00', '2025-12-19 11:00:53.439925+00'),
(73, 15, 15, 3, '2025-12-19 11:00:53.446755+00', '2025-12-19 11:00:53.446755+00'),
(74, 15, 15, 4, '2025-12-19 11:00:53.452544+00', '2025-12-19 11:00:53.452544+00'),
(75, 31, 15, 5, '2025-12-19 11:00:53.458786+00', '2025-12-19 11:00:53.458786+00'),
(76, 35, 16, 1, '2025-12-19 11:00:53.475985+00', '2025-12-19 11:00:53.475985+00'),
(77, 51, 16, 2, '2025-12-19 11:00:53.481535+00', '2025-12-19 11:00:53.481535+00'),
(78, 51, 16, 3, '2025-12-19 11:00:53.486762+00', '2025-12-19 11:00:53.486762+00'),
(79, 26, 16, 4, '2025-12-19 11:00:53.492575+00', '2025-12-19 11:00:53.492575+00'),
(80, 31, 16, 5, '2025-12-19 11:00:53.499268+00', '2025-12-19 11:00:53.499268+00'),
(81, 12, 17, 1, '2025-12-19 11:00:53.510367+00', '2025-12-19 11:00:53.510367+00'),
(82, 24, 17, 2, '2025-12-19 11:00:53.517252+00', '2025-12-19 11:00:53.517252+00'),
(83, 42, 17, 3, '2025-12-19 11:00:53.5249+00', '2025-12-19 11:00:53.5249+00'),
(84, 39, 17, 4, '2025-12-19 11:00:53.5309+00', '2025-12-19 11:00:53.5309+00'),
(85, 45, 17, 5, '2025-12-19 11:00:53.536816+00', '2025-12-19 11:00:53.536816+00'),
(86, 20, 18, 1, '2025-12-19 11:00:53.548743+00', '2025-12-19 11:00:53.548743+00'),
(87, 47, 18, 2, '2025-12-19 11:00:53.554445+00', '2025-12-19 11:00:53.554445+00'),
(88, 39, 18, 3, '2025-12-19 11:00:53.560438+00', '2025-12-19 11:00:53.560438+00'),
(89, 15, 18, 4, '2025-12-19 11:00:53.566622+00', '2025-12-19 11:00:53.566622+00'),
(90, 34, 18, 5, '2025-12-19 11:00:53.571862+00', '2025-12-19 11:00:53.571862+00'),
(91, 49, 19, 1, '2025-12-19 11:00:53.583039+00', '2025-12-19 11:00:53.583039+00'),
(92, 41, 19, 2, '2025-12-19 11:00:53.588278+00', '2025-12-19 11:00:53.588278+00'),
(93, 14, 19, 3, '2025-12-19 11:00:53.594795+00', '2025-12-19 11:00:53.594795+00'),
(94, 23, 19, 4, '2025-12-19 11:00:53.600568+00', '2025-12-19 11:00:53.600568+00'),
(95, 58, 19, 5, '2025-12-19 11:00:53.60614+00', '2025-12-19 11:00:53.60614+00'),
(96, 38, 20, 1, '2025-12-19 11:00:53.618103+00', '2025-12-19 11:00:53.618103+00'),
(97, 35, 20, 2, '2025-12-19 11:00:53.62451+00', '2025-12-19 11:00:53.62451+00'),
(98, 10, 20, 3, '2025-12-19 11:00:53.631185+00', '2025-12-19 11:00:53.631185+00'),
(99, 46, 20, 4, '2025-12-19 11:00:53.636841+00', '2025-12-19 11:00:53.636841+00'),
(100, 12, 20, 5, '2025-12-19 11:00:53.642095+00', '2025-12-19 11:00:53.642095+00'),
(101, 23, 21, 1, '2025-12-19 11:00:53.660133+00', '2025-12-19 11:00:53.660133+00'),
(102, 49, 21, 2, '2025-12-19 11:00:53.66572+00', '2025-12-19 11:00:53.66572+00'),
(103, 57, 21, 3, '2025-12-19 11:00:53.671701+00', '2025-12-19 11:00:53.671701+00'),
(104, 31, 21, 4, '2025-12-19 11:00:53.677715+00', '2025-12-19 11:00:53.677715+00'),
(105, 10, 21, 5, '2025-12-19 11:00:53.683617+00', '2025-12-19 11:00:53.683617+00'),
(106, 28, 22, 1, '2025-12-19 11:00:53.696561+00', '2025-12-19 11:00:53.696561+00'),
(107, 32, 22, 2, '2025-12-19 11:00:53.702394+00', '2025-12-19 11:00:53.702394+00'),
(108, 41, 22, 3, '2025-12-19 11:00:53.708281+00', '2025-12-19 11:00:53.708281+00'),
(109, 47, 22, 4, '2025-12-19 11:00:53.714165+00', '2025-12-19 11:00:53.714165+00'),
(110, 45, 22, 5, '2025-12-19 11:00:53.71986+00', '2025-12-19 11:00:53.71986+00'),
(111, 57, 23, 1, '2025-12-19 11:00:53.731547+00', '2025-12-19 11:00:53.731547+00'),
(112, 10, 23, 2, '2025-12-19 11:00:53.736663+00', '2025-12-19 11:00:53.736663+00'),
(113, 54, 23, 3, '2025-12-19 11:00:53.741698+00', '2025-12-19 11:00:53.741698+00'),
(114, 39, 23, 4, '2025-12-19 11:00:53.746563+00', '2025-12-19 11:00:53.746563+00'),
(115, 27, 23, 5, '2025-12-19 11:00:53.751372+00', '2025-12-19 11:00:53.751372+00'),
(116, 33, 24, 1, '2025-12-19 11:00:53.762182+00', '2025-12-19 11:00:53.762182+00'),
(117, 28, 24, 2, '2025-12-19 11:00:53.766992+00', '2025-12-19 11:00:53.766992+00'),
(118, 32, 24, 3, '2025-12-19 11:00:53.772259+00', '2025-12-19 11:00:53.772259+00'),
(119, 24, 24, 4, '2025-12-19 11:00:53.777498+00', '2025-12-19 11:00:53.777498+00'),
(120, 16, 24, 5, '2025-12-19 11:00:53.78301+00', '2025-12-19 11:00:53.78301+00'),
(121, 23, 25, 1, '2025-12-19 11:00:53.793658+00', '2025-12-19 11:00:53.793658+00'),
(122, 16, 25, 2, '2025-12-19 11:00:53.798911+00', '2025-12-19 11:00:53.798911+00'),
(123, 39, 25, 3, '2025-12-19 11:00:53.80548+00', '2025-12-19 11:00:53.80548+00'),
(124, 22, 25, 4, '2025-12-19 11:00:53.811405+00', '2025-12-19 11:00:53.811405+00'),
(125, 42, 25, 5, '2025-12-19 11:00:53.817302+00', '2025-12-19 11:00:53.817302+00'),
(126, 11, 26, 1, '2025-12-19 11:00:53.835814+00', '2025-12-19 11:00:53.835814+00'),
(127, 45, 26, 2, '2025-12-19 11:00:53.841406+00', '2025-12-19 11:00:53.841406+00'),
(128, 56, 26, 3, '2025-12-19 11:00:53.846598+00', '2025-12-19 11:00:53.846598+00'),
(129, 51, 26, 4, '2025-12-19 11:00:53.851642+00', '2025-12-19 11:00:53.851642+00'),
(130, 14, 26, 5, '2025-12-19 11:00:53.856755+00', '2025-12-19 11:00:53.856755+00'),
(131, 41, 27, 1, '2025-12-19 11:00:53.866497+00', '2025-12-19 11:00:53.866497+00'),
(132, 56, 27, 2, '2025-12-19 11:00:53.871027+00', '2025-12-19 11:00:53.871027+00'),
(133, 21, 27, 3, '2025-12-19 11:00:53.875956+00', '2025-12-19 11:00:53.875956+00'),
(134, 57, 27, 4, '2025-12-19 11:00:53.880935+00', '2025-12-19 11:00:53.880935+00'),
(135, 31, 27, 5, '2025-12-19 11:00:53.885714+00', '2025-12-19 11:00:53.885714+00'),
(136, 34, 28, 1, '2025-12-19 11:00:53.895771+00', '2025-12-19 11:00:53.895771+00'),
(137, 29, 28, 2, '2025-12-19 11:00:53.901374+00', '2025-12-19 11:00:53.901374+00'),
(138, 47, 28, 3, '2025-12-19 11:00:53.909473+00', '2025-12-19 11:00:53.909473+00'),
(139, 34, 28, 4, '2025-12-19 11:00:53.915677+00', '2025-12-19 11:00:53.915677+00'),
(140, 31, 28, 5, '2025-12-19 11:00:53.921567+00', '2025-12-19 11:00:53.921567+00'),
(141, 46, 29, 1, '2025-12-19 11:00:53.933028+00', '2025-12-19 11:00:53.933028+00'),
(142, 16, 29, 2, '2025-12-19 11:00:53.939088+00', '2025-12-19 11:00:53.939088+00'),
(143, 18, 29, 3, '2025-12-19 11:00:53.945431+00', '2025-12-19 11:00:53.945431+00'),
(144, 10, 29, 4, '2025-12-19 11:00:53.950926+00', '2025-12-19 11:00:53.950926+00'),
(145, 52, 29, 5, '2025-12-19 11:00:53.956591+00', '2025-12-19 11:00:53.956591+00'),
(146, 13, 30, 1, '2025-12-19 11:00:53.968271+00', '2025-12-19 11:00:53.968271+00'),
(147, 49, 30, 2, '2025-12-19 11:00:53.9741+00', '2025-12-19 11:00:53.9741+00'),
(148, 44, 30, 3, '2025-12-19 11:00:53.980546+00', '2025-12-19 11:00:53.980546+00'),
(149, 39, 30, 4, '2025-12-19 11:00:53.986234+00', '2025-12-19 11:00:53.986234+00'),
(150, 22, 30, 5, '2025-12-19 11:00:53.992239+00', '2025-12-19 11:00:53.992239+00'),
(151, 18, 31, 1, '2025-12-19 11:00:54.010755+00', '2025-12-19 11:00:54.010755+00'),
(152, 40, 31, 2, '2025-12-19 11:00:54.016669+00', '2025-12-19 11:00:54.016669+00'),
(153, 24, 31, 3, '2025-12-19 11:00:54.021928+00', '2025-12-19 11:00:54.021928+00'),
(154, 36, 31, 4, '2025-12-19 11:00:54.027527+00', '2025-12-19 11:00:54.027527+00'),
(155, 10, 31, 5, '2025-12-19 11:00:54.033233+00', '2025-12-19 11:00:54.033233+00'),
(156, 42, 32, 1, '2025-12-19 11:00:54.045078+00', '2025-12-19 11:00:54.045078+00'),
(157, 12, 32, 2, '2025-12-19 11:00:54.050065+00', '2025-12-19 11:00:54.050065+00'),
(158, 12, 32, 3, '2025-12-19 11:00:54.055188+00', '2025-12-19 11:00:54.055188+00'),
(159, 34, 32, 4, '2025-12-19 11:00:54.06086+00', '2025-12-19 11:00:54.06086+00'),
(160, 19, 32, 5, '2025-12-19 11:00:54.065946+00', '2025-12-19 11:00:54.065946+00'),
(161, 37, 33, 1, '2025-12-19 11:00:54.077361+00', '2025-12-19 11:00:54.077361+00'),
(162, 32, 33, 2, '2025-12-19 11:00:54.082973+00', '2025-12-19 11:00:54.082973+00'),
(163, 47, 33, 3, '2025-12-19 11:00:54.088253+00', '2025-12-19 11:00:54.088253+00'),
(164, 54, 33, 4, '2025-12-19 11:00:54.094108+00', '2025-12-19 11:00:54.094108+00'),
(165, 11, 33, 5, '2025-12-19 11:00:54.100165+00', '2025-12-19 11:00:54.100165+00'),
(166, 55, 34, 1, '2025-12-19 11:00:54.115479+00', '2025-12-19 11:00:54.115479+00'),
(167, 14, 34, 2, '2025-12-19 11:00:54.121317+00', '2025-12-19 11:00:54.121317+00'),
(168, 45, 34, 3, '2025-12-19 11:00:54.127038+00', '2025-12-19 11:00:54.127038+00'),
(169, 24, 34, 4, '2025-12-19 11:00:54.133855+00', '2025-12-19 11:00:54.133855+00'),
(170, 21, 34, 5, '2025-12-19 11:00:54.141237+00', '2025-12-19 11:00:54.141237+00'),
(171, 27, 35, 1, '2025-12-19 11:00:54.153402+00', '2025-12-19 11:00:54.153402+00'),
(172, 23, 35, 2, '2025-12-19 11:00:54.159148+00', '2025-12-19 11:00:54.159148+00'),
(173, 54, 35, 3, '2025-12-19 11:00:54.165275+00', '2025-12-19 11:00:54.165275+00'),
(174, 51, 35, 4, '2025-12-19 11:00:54.170796+00', '2025-12-19 11:00:54.170796+00'),
(175, 20, 35, 5, '2025-12-19 11:00:54.176447+00', '2025-12-19 11:00:54.176447+00'),
(176, 17, 36, 1, '2025-12-19 11:00:54.195381+00', '2025-12-19 11:00:54.195381+00'),
(177, 56, 36, 2, '2025-12-19 11:00:54.200846+00', '2025-12-19 11:00:54.200846+00'),
(178, 60, 36, 3, '2025-12-19 11:00:54.206255+00', '2025-12-19 11:00:54.206255+00'),
(179, 31, 36, 4, '2025-12-19 11:00:54.212293+00', '2025-12-19 11:00:54.212293+00'),
(180, 12, 36, 5, '2025-12-19 11:00:54.217825+00', '2025-12-19 11:00:54.217825+00'),
(181, 15, 37, 1, '2025-12-19 11:00:54.228296+00', '2025-12-19 11:00:54.228296+00'),
(182, 19, 37, 2, '2025-12-19 11:00:54.233025+00', '2025-12-19 11:00:54.233025+00'),
(183, 21, 37, 3, '2025-12-19 11:00:54.238341+00', '2025-12-19 11:00:54.238341+00'),
(184, 26, 37, 4, '2025-12-19 11:00:54.243752+00', '2025-12-19 11:00:54.243752+00'),
(185, 52, 37, 5, '2025-12-19 11:00:54.24924+00', '2025-12-19 11:00:54.24924+00'),
(186, 39, 38, 1, '2025-12-19 11:00:54.263377+00', '2025-12-19 11:00:54.263377+00'),
(187, 59, 38, 2, '2025-12-19 11:00:54.269407+00', '2025-12-19 11:00:54.269407+00'),
(188, 30, 38, 3, '2025-12-19 11:00:54.274232+00', '2025-12-19 11:00:54.274232+00'),
(189, 36, 38, 4, '2025-12-19 11:00:54.279545+00', '2025-12-19 11:00:54.279545+00'),
(190, 39, 38, 5, '2025-12-19 11:00:54.284663+00', '2025-12-19 11:00:54.284663+00'),
(191, 43, 39, 1, '2025-12-19 11:00:54.29615+00', '2025-12-19 11:00:54.29615+00'),
(192, 55, 39, 2, '2025-12-19 11:00:54.301836+00', '2025-12-19 11:00:54.301836+00'),
(193, 58, 39, 3, '2025-12-19 11:00:54.307649+00', '2025-12-19 11:00:54.307649+00'),
(194, 44, 39, 4, '2025-12-19 11:00:54.313444+00', '2025-12-19 11:00:54.313444+00'),
(195, 19, 39, 5, '2025-12-19 11:00:54.318601+00', '2025-12-19 11:00:54.318601+00'),
(196, 29, 40, 1, '2025-12-19 11:00:54.328613+00', '2025-12-19 11:00:54.328613+00'),
(197, 22, 40, 2, '2025-12-19 11:00:54.335598+00', '2025-12-19 11:00:54.335598+00'),
(198, 36, 40, 3, '2025-12-19 11:00:54.341449+00', '2025-12-19 11:00:54.341449+00'),
(199, 18, 40, 4, '2025-12-19 11:00:54.347429+00', '2025-12-19 11:00:54.347429+00'),
(200, 37, 40, 5, '2025-12-19 11:00:54.352604+00', '2025-12-19 11:00:54.352604+00'),
(201, 46, 41, 1, '2025-12-19 11:00:54.370127+00', '2025-12-19 11:00:54.370127+00'),
(202, 20, 41, 2, '2025-12-19 11:00:54.375508+00', '2025-12-19 11:00:54.375508+00'),
(203, 30, 41, 3, '2025-12-19 11:00:54.381403+00', '2025-12-19 11:00:54.381403+00'),
(204, 38, 41, 4, '2025-12-19 11:00:54.386412+00', '2025-12-19 11:00:54.386412+00'),
(205, 50, 41, 5, '2025-12-19 11:00:54.391638+00', '2025-12-19 11:00:54.391638+00'),
(206, 10, 42, 1, '2025-12-19 11:00:54.404842+00', '2025-12-19 11:00:54.404842+00'),
(207, 44, 42, 2, '2025-12-19 11:00:54.410748+00', '2025-12-19 11:00:54.410748+00'),
(208, 22, 42, 3, '2025-12-19 11:00:54.416441+00', '2025-12-19 11:00:54.416441+00'),
(209, 16, 42, 4, '2025-12-19 11:00:54.421912+00', '2025-12-19 11:00:54.421912+00'),
(210, 40, 42, 5, '2025-12-19 11:00:54.427971+00', '2025-12-19 11:00:54.427971+00'),
(211, 24, 43, 1, '2025-12-19 11:00:54.441409+00', '2025-12-19 11:00:54.441409+00'),
(212, 31, 43, 2, '2025-12-19 11:00:54.447383+00', '2025-12-19 11:00:54.447383+00'),
(213, 12, 43, 3, '2025-12-19 11:00:54.453378+00', '2025-12-19 11:00:54.453378+00'),
(214, 50, 43, 4, '2025-12-19 11:00:54.459995+00', '2025-12-19 11:00:54.459995+00'),
(215, 48, 43, 5, '2025-12-19 11:00:54.465555+00', '2025-12-19 11:00:54.465555+00'),
(216, 57, 44, 1, '2025-12-19 11:00:54.478424+00', '2025-12-19 11:00:54.478424+00'),
(217, 49, 44, 2, '2025-12-19 11:00:54.483284+00', '2025-12-19 11:00:54.483284+00'),
(218, 26, 44, 3, '2025-12-19 11:00:54.488583+00', '2025-12-19 11:00:54.488583+00'),
(219, 27, 44, 4, '2025-12-19 11:00:54.493724+00', '2025-12-19 11:00:54.493724+00'),
(220, 18, 44, 5, '2025-12-19 11:00:54.498491+00', '2025-12-19 11:00:54.498491+00'),
(221, 56, 45, 1, '2025-12-19 11:00:54.510371+00', '2025-12-19 11:00:54.510371+00'),
(222, 32, 45, 2, '2025-12-19 11:00:54.515259+00', '2025-12-19 11:00:54.515259+00'),
(223, 14, 45, 3, '2025-12-19 11:00:54.521075+00', '2025-12-19 11:00:54.521075+00'),
(224, 52, 45, 4, '2025-12-19 11:00:54.528317+00', '2025-12-19 11:00:54.528317+00'),
(225, 38, 45, 5, '2025-12-19 11:00:54.535047+00', '2025-12-19 11:00:54.535047+00'),
(226, 46, 46, 1, '2025-12-19 11:00:54.555699+00', '2025-12-19 11:00:54.555699+00'),
(227, 59, 46, 2, '2025-12-19 11:00:54.561413+00', '2025-12-19 11:00:54.561413+00'),
(228, 58, 46, 3, '2025-12-19 11:00:54.568856+00', '2025-12-19 11:00:54.568856+00'),
(229, 47, 46, 4, '2025-12-19 11:00:54.574468+00', '2025-12-19 11:00:54.574468+00'),
(230, 20, 46, 5, '2025-12-19 11:00:54.581754+00', '2025-12-19 11:00:54.581754+00'),
(231, 34, 47, 1, '2025-12-19 11:00:54.594353+00', '2025-12-19 11:00:54.594353+00'),
(232, 36, 47, 2, '2025-12-19 11:00:54.600343+00', '2025-12-19 11:00:54.600343+00'),
(233, 58, 47, 3, '2025-12-19 11:00:54.606284+00', '2025-12-19 11:00:54.606284+00'),
(234, 53, 47, 4, '2025-12-19 11:00:54.611869+00', '2025-12-19 11:00:54.611869+00'),
(235, 39, 47, 5, '2025-12-19 11:00:54.618753+00', '2025-12-19 11:00:54.618753+00'),
(236, 14, 48, 1, '2025-12-19 11:00:54.631085+00', '2025-12-19 11:00:54.631085+00'),
(237, 21, 48, 2, '2025-12-19 11:00:54.637156+00', '2025-12-19 11:00:54.637156+00'),
(238, 25, 48, 3, '2025-12-19 11:00:54.643146+00', '2025-12-19 11:00:54.643146+00'),
(239, 50, 48, 4, '2025-12-19 11:00:54.649659+00', '2025-12-19 11:00:54.649659+00'),
(240, 25, 48, 5, '2025-12-19 11:00:54.655327+00', '2025-12-19 11:00:54.655327+00'),
(241, 59, 49, 1, '2025-12-19 11:00:54.668937+00', '2025-12-19 11:00:54.668937+00'),
(242, 49, 49, 2, '2025-12-19 11:00:54.67458+00', '2025-12-19 11:00:54.67458+00'),
(243, 13, 49, 3, '2025-12-19 11:00:54.680042+00', '2025-12-19 11:00:54.680042+00'),
(244, 12, 49, 4, '2025-12-19 11:00:54.685366+00', '2025-12-19 11:00:54.685366+00'),
(245, 48, 49, 5, '2025-12-19 11:00:54.691087+00', '2025-12-19 11:00:54.691087+00'),
(246, 17, 50, 1, '2025-12-19 11:00:54.702521+00', '2025-12-19 11:00:54.702521+00'),
(247, 51, 50, 2, '2025-12-19 11:00:54.708811+00', '2025-12-19 11:00:54.708811+00'),
(248, 37, 50, 3, '2025-12-19 11:00:54.716364+00', '2025-12-19 11:00:54.716364+00'),
(249, 40, 50, 4, '2025-12-19 11:00:54.72256+00', '2025-12-19 11:00:54.72256+00'),
(250, 59, 50, 5, '2025-12-19 11:00:54.728429+00', '2025-12-19 11:00:54.728429+00'),
(251, 39, 51, 1, '2025-12-19 11:00:54.747504+00', '2025-12-19 11:00:54.747504+00'),
(252, 55, 51, 2, '2025-12-19 11:00:54.753335+00', '2025-12-19 11:00:54.753335+00'),
(253, 10, 51, 3, '2025-12-19 11:00:54.759367+00', '2025-12-19 11:00:54.759367+00'),
(254, 11, 51, 4, '2025-12-19 11:00:54.765142+00', '2025-12-19 11:00:54.765142+00'),
(255, 37, 51, 5, '2025-12-19 11:00:54.771478+00', '2025-12-19 11:00:54.771478+00'),
(256, 41, 52, 1, '2025-12-19 11:00:54.783155+00', '2025-12-19 11:00:54.783155+00'),
(257, 58, 52, 2, '2025-12-19 11:00:54.789516+00', '2025-12-19 11:00:54.789516+00'),
(258, 56, 52, 3, '2025-12-19 11:00:54.7955+00', '2025-12-19 11:00:54.7955+00'),
(259, 21, 52, 4, '2025-12-19 11:00:54.801042+00', '2025-12-19 11:00:54.801042+00'),
(260, 36, 52, 5, '2025-12-19 11:00:54.807913+00', '2025-12-19 11:00:54.807913+00'),
(261, 25, 53, 1, '2025-12-19 11:00:54.820022+00', '2025-12-19 11:00:54.820022+00'),
(262, 46, 53, 2, '2025-12-19 11:00:54.826059+00', '2025-12-19 11:00:54.826059+00'),
(263, 37, 53, 3, '2025-12-19 11:00:54.831775+00', '2025-12-19 11:00:54.831775+00'),
(264, 39, 53, 4, '2025-12-19 11:00:54.837227+00', '2025-12-19 11:00:54.837227+00'),
(265, 45, 53, 5, '2025-12-19 11:00:54.843049+00', '2025-12-19 11:00:54.843049+00'),
(266, 36, 54, 1, '2025-12-19 11:00:54.854679+00', '2025-12-19 11:00:54.854679+00'),
(267, 50, 54, 2, '2025-12-19 11:00:54.860791+00', '2025-12-19 11:00:54.860791+00'),
(268, 22, 54, 3, '2025-12-19 11:00:54.865907+00', '2025-12-19 11:00:54.865907+00'),
(269, 33, 54, 4, '2025-12-19 11:00:54.871818+00', '2025-12-19 11:00:54.871818+00'),
(270, 31, 54, 5, '2025-12-19 11:00:54.877642+00', '2025-12-19 11:00:54.877642+00'),
(271, 22, 55, 1, '2025-12-19 11:00:54.888725+00', '2025-12-19 11:00:54.888725+00'),
(272, 45, 55, 2, '2025-12-19 11:00:54.894667+00', '2025-12-19 11:00:54.894667+00'),
(273, 33, 55, 3, '2025-12-19 11:00:54.900093+00', '2025-12-19 11:00:54.900093+00'),
(274, 16, 55, 4, '2025-12-19 11:00:54.905545+00', '2025-12-19 11:00:54.905545+00'),
(275, 43, 55, 5, '2025-12-19 11:00:54.91207+00', '2025-12-19 11:00:54.91207+00'),
(276, 46, 56, 1, '2025-12-19 11:00:54.929536+00', '2025-12-19 11:00:54.929536+00'),
(277, 54, 56, 2, '2025-12-19 11:00:54.935609+00', '2025-12-19 11:00:54.935609+00'),
(278, 49, 56, 3, '2025-12-19 11:00:54.942926+00', '2025-12-19 11:00:54.942926+00'),
(279, 44, 56, 4, '2025-12-19 11:00:54.948845+00', '2025-12-19 11:00:54.948845+00'),
(280, 32, 56, 5, '2025-12-19 11:00:54.954171+00', '2025-12-19 11:00:54.954171+00'),
(281, 47, 57, 1, '2025-12-19 11:00:54.964207+00', '2025-12-19 11:00:54.964207+00'),
(282, 45, 57, 2, '2025-12-19 11:00:54.969315+00', '2025-12-19 11:00:54.969315+00'),
(283, 33, 57, 3, '2025-12-19 11:00:54.974819+00', '2025-12-19 11:00:54.974819+00'),
(284, 15, 57, 4, '2025-12-19 11:00:54.981008+00', '2025-12-19 11:00:54.981008+00'),
(285, 38, 57, 5, '2025-12-19 11:00:54.988356+00', '2025-12-19 11:00:54.988356+00'),
(286, 33, 58, 1, '2025-12-19 11:00:55.00003+00', '2025-12-19 11:00:55.00003+00'),
(287, 23, 58, 2, '2025-12-19 11:00:55.007339+00', '2025-12-19 11:00:55.007339+00'),
(288, 50, 58, 3, '2025-12-19 11:00:55.013006+00', '2025-12-19 11:00:55.013006+00'),
(289, 50, 58, 4, '2025-12-19 11:00:55.018902+00', '2025-12-19 11:00:55.018902+00'),
(290, 27, 58, 5, '2025-12-19 11:00:55.024187+00', '2025-12-19 11:00:55.024187+00'),
(291, 42, 59, 1, '2025-12-19 11:00:55.034842+00', '2025-12-19 11:00:55.034842+00'),
(292, 14, 59, 2, '2025-12-19 11:00:55.040582+00', '2025-12-19 11:00:55.040582+00'),
(293, 25, 59, 3, '2025-12-19 11:00:55.046044+00', '2025-12-19 11:00:55.046044+00'),
(294, 42, 59, 4, '2025-12-19 11:00:55.05128+00', '2025-12-19 11:00:55.05128+00'),
(295, 21, 59, 5, '2025-12-19 11:00:55.056291+00', '2025-12-19 11:00:55.056291+00'),
(296, 35, 60, 1, '2025-12-19 11:00:55.067418+00', '2025-12-19 11:00:55.067418+00'),
(297, 44, 60, 2, '2025-12-19 11:00:55.072696+00', '2025-12-19 11:00:55.072696+00'),
(298, 49, 60, 3, '2025-12-19 11:00:55.078231+00', '2025-12-19 11:00:55.078231+00'),
(299, 55, 60, 4, '2025-12-19 11:00:55.084157+00', '2025-12-19 11:00:55.084157+00'),
(300, 13, 60, 5, '2025-12-19 11:00:55.0894+00', '2025-12-19 11:00:55.0894+00'),
(301, 17, 61, 1, '2025-12-19 11:00:55.105441+00', '2025-12-19 11:00:55.105441+00'),
(302, 22, 61, 2, '2025-12-19 11:00:55.110741+00', '2025-12-19 11:00:55.110741+00'),
(303, 19, 61, 3, '2025-12-19 11:00:55.116024+00', '2025-12-19 11:00:55.116024+00'),
(304, 54, 61, 4, '2025-12-19 11:00:55.121478+00', '2025-12-19 11:00:55.121478+00'),
(305, 34, 61, 5, '2025-12-19 11:00:55.127339+00', '2025-12-19 11:00:55.127339+00'),
(306, 19, 62, 1, '2025-12-19 11:00:55.139456+00', '2025-12-19 11:00:55.139456+00'),
(307, 18, 62, 2, '2025-12-19 11:00:55.144599+00', '2025-12-19 11:00:55.144599+00'),
(308, 16, 62, 3, '2025-12-19 11:00:55.150016+00', '2025-12-19 11:00:55.150016+00'),
(309, 30, 62, 4, '2025-12-19 11:00:55.155288+00', '2025-12-19 11:00:55.155288+00'),
(310, 10, 62, 5, '2025-12-19 11:00:55.160268+00', '2025-12-19 11:00:55.160268+00'),
(311, 59, 63, 1, '2025-12-19 11:00:55.170866+00', '2025-12-19 11:00:55.170866+00'),
(312, 36, 63, 2, '2025-12-19 11:00:55.176058+00', '2025-12-19 11:00:55.176058+00'),
(313, 50, 63, 3, '2025-12-19 11:00:55.181961+00', '2025-12-19 11:00:55.181961+00'),
(314, 52, 63, 4, '2025-12-19 11:00:55.187689+00', '2025-12-19 11:00:55.187689+00'),
(315, 13, 63, 5, '2025-12-19 11:00:55.194+00', '2025-12-19 11:00:55.194+00'),
(316, 25, 64, 1, '2025-12-19 11:00:55.207485+00', '2025-12-19 11:00:55.207485+00'),
(317, 49, 64, 2, '2025-12-19 11:00:55.214285+00', '2025-12-19 11:00:55.214285+00'),
(318, 40, 64, 3, '2025-12-19 11:00:55.220403+00', '2025-12-19 11:00:55.220403+00'),
(319, 18, 64, 4, '2025-12-19 11:00:55.227292+00', '2025-12-19 11:00:55.227292+00'),
(320, 18, 64, 5, '2025-12-19 11:00:55.232708+00', '2025-12-19 11:00:55.232708+00'),
(321, 22, 65, 1, '2025-12-19 11:00:55.244393+00', '2025-12-19 11:00:55.244393+00'),
(322, 56, 65, 2, '2025-12-19 11:00:55.24966+00', '2025-12-19 11:00:55.24966+00'),
(323, 30, 65, 3, '2025-12-19 11:00:55.260441+00', '2025-12-19 11:00:55.260441+00'),
(324, 17, 65, 4, '2025-12-19 11:00:55.266518+00', '2025-12-19 11:00:55.266518+00'),
(325, 42, 65, 5, '2025-12-19 11:00:55.272067+00', '2025-12-19 11:00:55.272067+00'),
(326, 24, 66, 1, '2025-12-19 11:00:55.289092+00', '2025-12-19 11:00:55.289092+00'),
(327, 23, 66, 2, '2025-12-19 11:00:55.294239+00', '2025-12-19 11:00:55.294239+00'),
(328, 27, 66, 3, '2025-12-19 11:00:55.300036+00', '2025-12-19 11:00:55.300036+00'),
(329, 35, 66, 4, '2025-12-19 11:00:55.305257+00', '2025-12-19 11:00:55.305257+00'),
(330, 39, 66, 5, '2025-12-19 11:00:55.31046+00', '2025-12-19 11:00:55.31046+00'),
(331, 11, 67, 1, '2025-12-19 11:00:55.320847+00', '2025-12-19 11:00:55.320847+00'),
(332, 11, 67, 2, '2025-12-19 11:00:55.32613+00', '2025-12-19 11:00:55.32613+00'),
(333, 15, 67, 3, '2025-12-19 11:00:55.331389+00', '2025-12-19 11:00:55.331389+00'),
(334, 41, 67, 4, '2025-12-19 11:00:55.338293+00', '2025-12-19 11:00:55.338293+00'),
(335, 13, 67, 5, '2025-12-19 11:00:55.343948+00', '2025-12-19 11:00:55.343948+00'),
(336, 43, 68, 1, '2025-12-19 11:00:55.353956+00', '2025-12-19 11:00:55.353956+00'),
(337, 21, 68, 2, '2025-12-19 11:00:55.36064+00', '2025-12-19 11:00:55.36064+00'),
(338, 29, 68, 3, '2025-12-19 11:00:55.366377+00', '2025-12-19 11:00:55.366377+00'),
(339, 33, 68, 4, '2025-12-19 11:00:55.373148+00', '2025-12-19 11:00:55.373148+00'),
(340, 50, 68, 5, '2025-12-19 11:00:55.379863+00', '2025-12-19 11:00:55.379863+00'),
(341, 60, 69, 1, '2025-12-19 11:00:55.391377+00', '2025-12-19 11:00:55.391377+00'),
(342, 35, 69, 2, '2025-12-19 11:00:55.397275+00', '2025-12-19 11:00:55.397275+00'),
(343, 36, 69, 3, '2025-12-19 11:00:55.403435+00', '2025-12-19 11:00:55.403435+00'),
(344, 27, 69, 4, '2025-12-19 11:00:55.408446+00', '2025-12-19 11:00:55.408446+00'),
(345, 23, 69, 5, '2025-12-19 11:00:55.413656+00', '2025-12-19 11:00:55.413656+00'),
(346, 15, 70, 1, '2025-12-19 11:00:55.424366+00', '2025-12-19 11:00:55.424366+00'),
(347, 22, 70, 2, '2025-12-19 11:00:55.430054+00', '2025-12-19 11:00:55.430054+00'),
(348, 20, 70, 3, '2025-12-19 11:00:55.437739+00', '2025-12-19 11:00:55.437739+00'),
(349, 34, 70, 4, '2025-12-19 11:00:55.44391+00', '2025-12-19 11:00:55.44391+00'),
(350, 58, 70, 5, '2025-12-19 11:00:55.450487+00', '2025-12-19 11:00:55.450487+00'),
(351, 17, 71, 1, '2025-12-19 11:00:55.468424+00', '2025-12-19 11:00:55.468424+00'),
(352, 26, 71, 2, '2025-12-19 11:00:55.47422+00', '2025-12-19 11:00:55.47422+00'),
(353, 32, 71, 3, '2025-12-19 11:00:55.480042+00', '2025-12-19 11:00:55.480042+00'),
(354, 31, 71, 4, '2025-12-19 11:00:55.48575+00', '2025-12-19 11:00:55.48575+00'),
(355, 60, 71, 5, '2025-12-19 11:00:55.493319+00', '2025-12-19 11:00:55.493319+00'),
(356, 52, 72, 1, '2025-12-19 11:00:55.505093+00', '2025-12-19 11:00:55.505093+00'),
(357, 11, 72, 2, '2025-12-19 11:00:55.511624+00', '2025-12-19 11:00:55.511624+00'),
(358, 22, 72, 3, '2025-12-19 11:00:55.516831+00', '2025-12-19 11:00:55.516831+00'),
(359, 42, 72, 4, '2025-12-19 11:00:55.523471+00', '2025-12-19 11:00:55.523471+00'),
(360, 15, 72, 5, '2025-12-19 11:00:55.530407+00', '2025-12-19 11:00:55.530407+00'),
(361, 37, 73, 1, '2025-12-19 11:00:55.542085+00', '2025-12-19 11:00:55.542085+00'),
(362, 50, 73, 2, '2025-12-19 11:00:55.547542+00', '2025-12-19 11:00:55.547542+00'),
(363, 48, 73, 3, '2025-12-19 11:00:55.552316+00', '2025-12-19 11:00:55.552316+00'),
(364, 24, 73, 4, '2025-12-19 11:00:55.557134+00', '2025-12-19 11:00:55.557134+00'),
(365, 23, 73, 5, '2025-12-19 11:00:55.563007+00', '2025-12-19 11:00:55.563007+00'),
(366, 29, 74, 1, '2025-12-19 11:00:55.575044+00', '2025-12-19 11:00:55.575044+00'),
(367, 18, 74, 2, '2025-12-19 11:00:55.582016+00', '2025-12-19 11:00:55.582016+00'),
(368, 19, 74, 3, '2025-12-19 11:00:55.588353+00', '2025-12-19 11:00:55.588353+00'),
(369, 27, 74, 4, '2025-12-19 11:00:55.593436+00', '2025-12-19 11:00:55.593436+00'),
(370, 30, 74, 5, '2025-12-19 11:00:55.598707+00', '2025-12-19 11:00:55.598707+00'),
(371, 50, 75, 1, '2025-12-19 11:00:55.611994+00', '2025-12-19 11:00:55.611994+00'),
(372, 57, 75, 2, '2025-12-19 11:00:55.617866+00', '2025-12-19 11:00:55.617866+00'),
(373, 52, 75, 3, '2025-12-19 11:00:55.623839+00', '2025-12-19 11:00:55.623839+00'),
(374, 27, 75, 4, '2025-12-19 11:00:55.629595+00', '2025-12-19 11:00:55.629595+00'),
(375, 32, 75, 5, '2025-12-19 11:00:55.635839+00', '2025-12-19 11:00:55.635839+00'),
(376, 23, 76, 1, '2025-12-19 11:00:55.654408+00', '2025-12-19 11:00:55.654408+00'),
(377, 25, 76, 2, '2025-12-19 11:00:55.661077+00', '2025-12-19 11:00:55.661077+00'),
(378, 44, 76, 3, '2025-12-19 11:00:55.666777+00', '2025-12-19 11:00:55.666777+00'),
(379, 60, 76, 4, '2025-12-19 11:00:55.672803+00', '2025-12-19 11:00:55.672803+00'),
(380, 38, 76, 5, '2025-12-19 11:00:55.679015+00', '2025-12-19 11:00:55.679015+00'),
(381, 54, 77, 1, '2025-12-19 11:00:55.691376+00', '2025-12-19 11:00:55.691376+00'),
(382, 43, 77, 2, '2025-12-19 11:00:55.697313+00', '2025-12-19 11:00:55.697313+00'),
(383, 36, 77, 3, '2025-12-19 11:00:55.70273+00', '2025-12-19 11:00:55.70273+00'),
(384, 21, 77, 4, '2025-12-19 11:00:55.709257+00', '2025-12-19 11:00:55.709257+00'),
(385, 53, 77, 5, '2025-12-19 11:00:55.71586+00', '2025-12-19 11:00:55.71586+00'),
(386, 51, 78, 1, '2025-12-19 11:00:55.730791+00', '2025-12-19 11:00:55.730791+00'),
(387, 49, 78, 2, '2025-12-19 11:00:55.736727+00', '2025-12-19 11:00:55.736727+00'),
(388, 16, 78, 3, '2025-12-19 11:00:55.743207+00', '2025-12-19 11:00:55.743207+00'),
(389, 49, 78, 4, '2025-12-19 11:00:55.748078+00', '2025-12-19 11:00:55.748078+00'),
(390, 39, 78, 5, '2025-12-19 11:00:55.75297+00', '2025-12-19 11:00:55.75297+00'),
(391, 23, 79, 1, '2025-12-19 11:00:55.763539+00', '2025-12-19 11:00:55.763539+00'),
(392, 60, 79, 2, '2025-12-19 11:00:55.768618+00', '2025-12-19 11:00:55.768618+00'),
(393, 54, 79, 3, '2025-12-19 11:00:55.774022+00', '2025-12-19 11:00:55.774022+00'),
(394, 60, 79, 4, '2025-12-19 11:00:55.779544+00', '2025-12-19 11:00:55.779544+00'),
(395, 36, 79, 5, '2025-12-19 11:00:55.78459+00', '2025-12-19 11:00:55.78459+00'),
(396, 47, 80, 1, '2025-12-19 11:00:55.797199+00', '2025-12-19 11:00:55.797199+00'),
(397, 29, 80, 2, '2025-12-19 11:00:55.802579+00', '2025-12-19 11:00:55.802579+00'),
(398, 56, 80, 3, '2025-12-19 11:00:55.808059+00', '2025-12-19 11:00:55.808059+00'),
(399, 31, 80, 4, '2025-12-19 11:00:55.814179+00', '2025-12-19 11:00:55.814179+00'),
(400, 10, 80, 5, '2025-12-19 11:00:55.820903+00', '2025-12-19 11:00:55.820903+00'),
(401, 32, 81, 1, '2025-12-19 11:00:55.8386+00', '2025-12-19 11:00:55.8386+00'),
(402, 33, 81, 2, '2025-12-19 11:00:55.844155+00', '2025-12-19 11:00:55.844155+00'),
(403, 35, 81, 3, '2025-12-19 11:00:55.850243+00', '2025-12-19 11:00:55.850243+00'),
(404, 15, 81, 4, '2025-12-19 11:00:55.857006+00', '2025-12-19 11:00:55.857006+00'),
(405, 53, 81, 5, '2025-12-19 11:00:55.863848+00', '2025-12-19 11:00:55.863848+00'),
(406, 13, 82, 1, '2025-12-19 11:00:55.876168+00', '2025-12-19 11:00:55.876168+00'),
(407, 37, 82, 2, '2025-12-19 11:00:55.882524+00', '2025-12-19 11:00:55.882524+00'),
(408, 17, 82, 3, '2025-12-19 11:00:55.888833+00', '2025-12-19 11:00:55.888833+00'),
(409, 28, 82, 4, '2025-12-19 11:00:55.894247+00', '2025-12-19 11:00:55.894247+00'),
(410, 14, 82, 5, '2025-12-19 11:00:55.900695+00', '2025-12-19 11:00:55.900695+00'),
(411, 47, 83, 1, '2025-12-19 11:00:55.914202+00', '2025-12-19 11:00:55.914202+00'),
(412, 19, 83, 2, '2025-12-19 11:00:55.921139+00', '2025-12-19 11:00:55.921139+00'),
(413, 16, 83, 3, '2025-12-19 11:00:55.927314+00', '2025-12-19 11:00:55.927314+00'),
(414, 14, 83, 4, '2025-12-19 11:00:55.933987+00', '2025-12-19 11:00:55.933987+00'),
(415, 20, 83, 5, '2025-12-19 11:00:55.941121+00', '2025-12-19 11:00:55.941121+00'),
(416, 36, 84, 1, '2025-12-19 11:00:55.954368+00', '2025-12-19 11:00:55.954368+00'),
(417, 13, 84, 2, '2025-12-19 11:00:55.96172+00', '2025-12-19 11:00:55.96172+00'),
(418, 15, 84, 3, '2025-12-19 11:00:55.967713+00', '2025-12-19 11:00:55.967713+00'),
(419, 41, 84, 4, '2025-12-19 11:00:55.974723+00', '2025-12-19 11:00:55.974723+00'),
(420, 17, 84, 5, '2025-12-19 11:00:55.980414+00', '2025-12-19 11:00:55.980414+00'),
(421, 38, 85, 1, '2025-12-19 11:00:55.993036+00', '2025-12-19 11:00:55.993036+00'),
(422, 50, 85, 2, '2025-12-19 11:00:55.999716+00', '2025-12-19 11:00:55.999716+00'),
(423, 52, 85, 3, '2025-12-19 11:00:56.0063+00', '2025-12-19 11:00:56.0063+00'),
(424, 23, 85, 4, '2025-12-19 11:00:56.013157+00', '2025-12-19 11:00:56.013157+00'),
(425, 38, 85, 5, '2025-12-19 11:00:56.019642+00', '2025-12-19 11:00:56.019642+00'),
(426, 40, 86, 1, '2025-12-19 11:00:56.040098+00', '2025-12-19 11:00:56.040098+00'),
(427, 41, 86, 2, '2025-12-19 11:00:56.045624+00', '2025-12-19 11:00:56.045624+00'),
(428, 36, 86, 3, '2025-12-19 11:00:56.051192+00', '2025-12-19 11:00:56.051192+00'),
(429, 13, 86, 4, '2025-12-19 11:00:56.056777+00', '2025-12-19 11:00:56.056777+00'),
(430, 59, 86, 5, '2025-12-19 11:00:56.063393+00', '2025-12-19 11:00:56.063393+00'),
(431, 26, 87, 1, '2025-12-19 11:00:56.077534+00', '2025-12-19 11:00:56.077534+00'),
(432, 37, 87, 2, '2025-12-19 11:00:56.082985+00', '2025-12-19 11:00:56.082985+00'),
(433, 56, 87, 3, '2025-12-19 11:00:56.088467+00', '2025-12-19 11:00:56.088467+00'),
(434, 26, 87, 4, '2025-12-19 11:00:56.093803+00', '2025-12-19 11:00:56.093803+00'),
(435, 20, 87, 5, '2025-12-19 11:00:56.098968+00', '2025-12-19 11:00:56.098968+00'),
(436, 33, 88, 1, '2025-12-19 11:00:56.110846+00', '2025-12-19 11:00:56.110846+00'),
(437, 25, 88, 2, '2025-12-19 11:00:56.116347+00', '2025-12-19 11:00:56.116347+00'),
(438, 11, 88, 3, '2025-12-19 11:00:56.121728+00', '2025-12-19 11:00:56.121728+00'),
(439, 10, 88, 4, '2025-12-19 11:00:56.127138+00', '2025-12-19 11:00:56.127138+00'),
(440, 26, 88, 5, '2025-12-19 11:00:56.132799+00', '2025-12-19 11:00:56.132799+00'),
(441, 48, 89, 1, '2025-12-19 11:00:56.145534+00', '2025-12-19 11:00:56.145534+00'),
(442, 51, 89, 2, '2025-12-19 11:00:56.154405+00', '2025-12-19 11:00:56.154405+00'),
(443, 22, 89, 3, '2025-12-19 11:00:56.161649+00', '2025-12-19 11:00:56.161649+00'),
(444, 39, 89, 4, '2025-12-19 11:00:56.168592+00', '2025-12-19 11:00:56.168592+00'),
(445, 45, 89, 5, '2025-12-19 11:00:56.175467+00', '2025-12-19 11:00:56.175467+00'),
(446, 34, 90, 1, '2025-12-19 11:00:56.188139+00', '2025-12-19 11:00:56.188139+00'),
(447, 20, 90, 2, '2025-12-19 11:00:56.193814+00', '2025-12-19 11:00:56.193814+00'),
(448, 44, 90, 3, '2025-12-19 11:00:56.19907+00', '2025-12-19 11:00:56.19907+00'),
(449, 19, 90, 4, '2025-12-19 11:00:56.204366+00', '2025-12-19 11:00:56.204366+00'),
(450, 26, 90, 5, '2025-12-19 11:00:56.209684+00', '2025-12-19 11:00:56.209684+00'),
(451, 19, 91, 1, '2025-12-19 11:00:56.227127+00', '2025-12-19 11:00:56.227127+00'),
(452, 56, 91, 2, '2025-12-19 11:00:56.233448+00', '2025-12-19 11:00:56.233448+00'),
(453, 58, 91, 3, '2025-12-19 11:00:56.239681+00', '2025-12-19 11:00:56.239681+00'),
(454, 23, 91, 4, '2025-12-19 11:00:56.246048+00', '2025-12-19 11:00:56.246048+00'),
(455, 29, 91, 5, '2025-12-19 11:00:56.252282+00', '2025-12-19 11:00:56.252282+00'),
(456, 42, 92, 1, '2025-12-19 11:00:56.266132+00', '2025-12-19 11:00:56.266132+00'),
(457, 43, 92, 2, '2025-12-19 11:00:56.271611+00', '2025-12-19 11:00:56.271611+00'),
(458, 53, 92, 3, '2025-12-19 11:00:56.277516+00', '2025-12-19 11:00:56.277516+00'),
(459, 19, 92, 4, '2025-12-19 11:00:56.283276+00', '2025-12-19 11:00:56.283276+00'),
(460, 12, 92, 5, '2025-12-19 11:00:56.289525+00', '2025-12-19 11:00:56.289525+00'),
(461, 38, 93, 1, '2025-12-19 11:00:56.302237+00', '2025-12-19 11:00:56.302237+00'),
(462, 36, 93, 2, '2025-12-19 11:00:56.30764+00', '2025-12-19 11:00:56.30764+00'),
(463, 41, 93, 3, '2025-12-19 11:00:56.313402+00', '2025-12-19 11:00:56.313402+00'),
(464, 20, 93, 4, '2025-12-19 11:00:56.318739+00', '2025-12-19 11:00:56.318739+00'),
(465, 51, 93, 5, '2025-12-19 11:00:56.326257+00', '2025-12-19 11:00:56.326257+00'),
(466, 56, 94, 1, '2025-12-19 11:00:56.338761+00', '2025-12-19 11:00:56.338761+00'),
(467, 18, 94, 2, '2025-12-19 11:00:56.346163+00', '2025-12-19 11:00:56.346163+00'),
(468, 46, 94, 3, '2025-12-19 11:00:56.352402+00', '2025-12-19 11:00:56.352402+00'),
(469, 10, 94, 4, '2025-12-19 11:00:56.358752+00', '2025-12-19 11:00:56.358752+00'),
(470, 24, 94, 5, '2025-12-19 11:00:56.365103+00', '2025-12-19 11:00:56.365103+00'),
(471, 16, 95, 1, '2025-12-19 11:00:56.377109+00', '2025-12-19 11:00:56.377109+00'),
(472, 14, 95, 2, '2025-12-19 11:00:56.382645+00', '2025-12-19 11:00:56.382645+00'),
(473, 42, 95, 3, '2025-12-19 11:00:56.388358+00', '2025-12-19 11:00:56.388358+00'),
(474, 23, 95, 4, '2025-12-19 11:00:56.395431+00', '2025-12-19 11:00:56.395431+00'),
(475, 45, 95, 5, '2025-12-19 11:00:56.400947+00', '2025-12-19 11:00:56.400947+00'),
(476, 54, 96, 1, '2025-12-19 11:00:56.419626+00', '2025-12-19 11:00:56.419626+00'),
(477, 48, 96, 2, '2025-12-19 11:00:56.425676+00', '2025-12-19 11:00:56.425676+00'),
(478, 44, 96, 3, '2025-12-19 11:00:56.431717+00', '2025-12-19 11:00:56.431717+00'),
(479, 37, 96, 4, '2025-12-19 11:00:56.438553+00', '2025-12-19 11:00:56.438553+00'),
(480, 56, 96, 5, '2025-12-19 11:00:56.44431+00', '2025-12-19 11:00:56.44431+00'),
(481, 47, 97, 1, '2025-12-19 11:00:56.455735+00', '2025-12-19 11:00:56.455735+00'),
(482, 23, 97, 2, '2025-12-19 11:00:56.46306+00', '2025-12-19 11:00:56.46306+00'),
(483, 42, 97, 3, '2025-12-19 11:00:56.469552+00', '2025-12-19 11:00:56.469552+00'),
(484, 32, 97, 4, '2025-12-19 11:00:56.47537+00', '2025-12-19 11:00:56.47537+00'),
(485, 14, 97, 5, '2025-12-19 11:00:56.481202+00', '2025-12-19 11:00:56.481202+00'),
(486, 40, 98, 1, '2025-12-19 11:00:56.496072+00', '2025-12-19 11:00:56.496072+00'),
(487, 32, 98, 2, '2025-12-19 11:00:56.504503+00', '2025-12-19 11:00:56.504503+00'),
(488, 11, 98, 3, '2025-12-19 11:00:56.51158+00', '2025-12-19 11:00:56.51158+00'),
(489, 18, 98, 4, '2025-12-19 11:00:56.516717+00', '2025-12-19 11:00:56.516717+00'),
(490, 52, 98, 5, '2025-12-19 11:00:56.523032+00', '2025-12-19 11:00:56.523032+00'),
(491, 32, 99, 1, '2025-12-19 11:00:56.535736+00', '2025-12-19 11:00:56.535736+00'),
(492, 12, 99, 2, '2025-12-19 11:00:56.542368+00', '2025-12-19 11:00:56.542368+00'),
(493, 37, 99, 3, '2025-12-19 11:00:56.549048+00', '2025-12-19 11:00:56.549048+00'),
(494, 40, 99, 4, '2025-12-19 11:00:56.554644+00', '2025-12-19 11:00:56.554644+00'),
(495, 25, 99, 5, '2025-12-19 11:00:56.561451+00', '2025-12-19 11:00:56.561451+00'),
(496, 22, 100, 1, '2025-12-19 11:00:56.574798+00', '2025-12-19 11:00:56.574798+00'),
(497, 19, 100, 2, '2025-12-19 11:00:56.581339+00', '2025-12-19 11:00:56.581339+00'),
(498, 15, 100, 3, '2025-12-19 11:00:56.587227+00', '2025-12-19 11:00:56.587227+00'),
(499, 36, 100, 4, '2025-12-19 11:00:56.59362+00', '2025-12-19 11:00:56.59362+00'),
(500, 30, 100, 5, '2025-12-19 11:00:56.600123+00', '2025-12-19 11:00:56.600123+00'),
(501, 46, 101, 1, '2025-12-19 11:00:56.630634+00', '2025-12-19 11:00:56.630634+00'),
(502, 35, 101, 2, '2025-12-19 11:00:56.638633+00', '2025-12-19 11:00:56.638633+00'),
(503, 11, 101, 3, '2025-12-19 11:00:56.644834+00', '2025-12-19 11:00:56.644834+00'),
(504, 51, 101, 4, '2025-12-19 11:00:56.650382+00', '2025-12-19 11:00:56.650382+00'),
(505, 16, 101, 5, '2025-12-19 11:00:56.657183+00', '2025-12-19 11:00:56.657183+00'),
(506, 54, 102, 1, '2025-12-19 11:00:56.671434+00', '2025-12-19 11:00:56.671434+00'),
(507, 54, 102, 2, '2025-12-19 11:00:56.677616+00', '2025-12-19 11:00:56.677616+00'),
(508, 19, 102, 3, '2025-12-19 11:00:56.684852+00', '2025-12-19 11:00:56.684852+00'),
(509, 38, 102, 4, '2025-12-19 11:00:56.690591+00', '2025-12-19 11:00:56.690591+00'),
(510, 33, 102, 5, '2025-12-19 11:00:56.696819+00', '2025-12-19 11:00:56.696819+00'),
(511, 46, 103, 1, '2025-12-19 11:00:56.711403+00', '2025-12-19 11:00:56.711403+00'),
(512, 41, 103, 2, '2025-12-19 11:00:56.726601+00', '2025-12-19 11:00:56.726601+00'),
(513, 28, 103, 3, '2025-12-19 11:00:56.742238+00', '2025-12-19 11:00:56.742238+00'),
(514, 54, 103, 4, '2025-12-19 11:00:56.748984+00', '2025-12-19 11:00:56.748984+00'),
(515, 52, 103, 5, '2025-12-19 11:00:56.754594+00', '2025-12-19 11:00:56.754594+00'),
(516, 52, 104, 1, '2025-12-19 11:00:56.767291+00', '2025-12-19 11:00:56.767291+00'),
(517, 21, 104, 2, '2025-12-19 11:00:56.773639+00', '2025-12-19 11:00:56.773639+00'),
(518, 12, 104, 3, '2025-12-19 11:00:56.780741+00', '2025-12-19 11:00:56.780741+00'),
(519, 42, 104, 4, '2025-12-19 11:00:56.787596+00', '2025-12-19 11:00:56.787596+00'),
(520, 26, 104, 5, '2025-12-19 11:00:56.794161+00', '2025-12-19 11:00:56.794161+00'),
(521, 58, 105, 1, '2025-12-19 11:00:56.806929+00', '2025-12-19 11:00:56.806929+00'),
(522, 53, 105, 2, '2025-12-19 11:00:56.813155+00', '2025-12-19 11:00:56.813155+00'),
(523, 16, 105, 3, '2025-12-19 11:00:56.819956+00', '2025-12-19 11:00:56.819956+00'),
(524, 54, 105, 4, '2025-12-19 11:00:56.826508+00', '2025-12-19 11:00:56.826508+00'),
(525, 33, 105, 5, '2025-12-19 11:00:56.833473+00', '2025-12-19 11:00:56.833473+00'),
(526, 25, 106, 1, '2025-12-19 11:00:56.853481+00', '2025-12-19 11:00:56.853481+00'),
(527, 53, 106, 2, '2025-12-19 11:00:56.860516+00', '2025-12-19 11:00:56.860516+00'),
(528, 43, 106, 3, '2025-12-19 11:00:56.866328+00', '2025-12-19 11:00:56.866328+00'),
(529, 25, 106, 4, '2025-12-19 11:00:56.872158+00', '2025-12-19 11:00:56.872158+00'),
(530, 43, 106, 5, '2025-12-19 11:00:56.879282+00', '2025-12-19 11:00:56.879282+00'),
(531, 23, 107, 1, '2025-12-19 11:00:56.892745+00', '2025-12-19 11:00:56.892745+00'),
(532, 51, 107, 2, '2025-12-19 11:00:56.900722+00', '2025-12-19 11:00:56.900722+00'),
(533, 45, 107, 3, '2025-12-19 11:00:56.907709+00', '2025-12-19 11:00:56.907709+00'),
(534, 27, 107, 4, '2025-12-19 11:00:56.915041+00', '2025-12-19 11:00:56.915041+00'),
(535, 54, 107, 5, '2025-12-19 11:00:56.922552+00', '2025-12-19 11:00:56.922552+00'),
(536, 57, 108, 1, '2025-12-19 11:00:56.93899+00', '2025-12-19 11:00:56.93899+00'),
(537, 45, 108, 2, '2025-12-19 11:00:56.945852+00', '2025-12-19 11:00:56.945852+00'),
(538, 42, 108, 3, '2025-12-19 11:00:56.952616+00', '2025-12-19 11:00:56.952616+00'),
(539, 39, 108, 4, '2025-12-19 11:00:56.959105+00', '2025-12-19 11:00:56.959105+00'),
(540, 11, 108, 5, '2025-12-19 11:00:56.965173+00', '2025-12-19 11:00:56.965173+00'),
(541, 18, 109, 1, '2025-12-19 11:00:56.97887+00', '2025-12-19 11:00:56.97887+00'),
(542, 13, 109, 2, '2025-12-19 11:00:56.986476+00', '2025-12-19 11:00:56.986476+00'),
(543, 18, 109, 3, '2025-12-19 11:00:56.992943+00', '2025-12-19 11:00:56.992943+00'),
(544, 19, 109, 4, '2025-12-19 11:00:57.002014+00', '2025-12-19 11:00:57.002014+00'),
(545, 18, 109, 5, '2025-12-19 11:00:57.009593+00', '2025-12-19 11:00:57.009593+00'),
(546, 39, 110, 1, '2025-12-19 11:00:57.024281+00', '2025-12-19 11:00:57.024281+00'),
(547, 51, 110, 2, '2025-12-19 11:00:57.031547+00', '2025-12-19 11:00:57.031547+00'),
(548, 30, 110, 3, '2025-12-19 11:00:57.038109+00', '2025-12-19 11:00:57.038109+00'),
(549, 36, 110, 4, '2025-12-19 11:00:57.045251+00', '2025-12-19 11:00:57.045251+00'),
(550, 31, 110, 5, '2025-12-19 11:00:57.05112+00', '2025-12-19 11:00:57.05112+00'),
(551, 40, 111, 1, '2025-12-19 11:00:57.070429+00', '2025-12-19 11:00:57.070429+00'),
(552, 38, 111, 2, '2025-12-19 11:00:57.077757+00', '2025-12-19 11:00:57.077757+00'),
(553, 57, 111, 3, '2025-12-19 11:00:57.083857+00', '2025-12-19 11:00:57.083857+00'),
(554, 35, 111, 4, '2025-12-19 11:00:57.089998+00', '2025-12-19 11:00:57.089998+00'),
(555, 57, 111, 5, '2025-12-19 11:00:57.096761+00', '2025-12-19 11:00:57.096761+00'),
(556, 44, 112, 1, '2025-12-19 11:00:57.110024+00', '2025-12-19 11:00:57.110024+00'),
(557, 56, 112, 2, '2025-12-19 11:00:57.117683+00', '2025-12-19 11:00:57.117683+00'),
(558, 17, 112, 3, '2025-12-19 11:00:57.124153+00', '2025-12-19 11:00:57.124153+00'),
(559, 49, 112, 4, '2025-12-19 11:00:57.131264+00', '2025-12-19 11:00:57.131264+00'),
(560, 54, 112, 5, '2025-12-19 11:00:57.137992+00', '2025-12-19 11:00:57.137992+00'),
(561, 38, 113, 1, '2025-12-19 11:00:57.154967+00', '2025-12-19 11:00:57.154967+00'),
(562, 37, 113, 2, '2025-12-19 11:00:57.165084+00', '2025-12-19 11:00:57.165084+00'),
(563, 22, 113, 3, '2025-12-19 11:00:57.179992+00', '2025-12-19 11:00:57.179992+00'),
(564, 37, 113, 4, '2025-12-19 11:00:57.1909+00', '2025-12-19 11:00:57.1909+00'),
(565, 39, 113, 5, '2025-12-19 11:00:57.201654+00', '2025-12-19 11:00:57.201654+00'),
(566, 48, 114, 1, '2025-12-19 11:00:57.219544+00', '2025-12-19 11:00:57.219544+00'),
(567, 43, 114, 2, '2025-12-19 11:00:57.229789+00', '2025-12-19 11:00:57.229789+00'),
(568, 40, 114, 3, '2025-12-19 11:00:57.241752+00', '2025-12-19 11:00:57.241752+00'),
(569, 34, 114, 4, '2025-12-19 11:00:57.248378+00', '2025-12-19 11:00:57.248378+00'),
(570, 28, 114, 5, '2025-12-19 11:00:57.254198+00', '2025-12-19 11:00:57.254198+00'),
(571, 58, 115, 1, '2025-12-19 11:00:57.265724+00', '2025-12-19 11:00:57.265724+00'),
(572, 23, 115, 2, '2025-12-19 11:00:57.271687+00', '2025-12-19 11:00:57.271687+00'),
(573, 31, 115, 3, '2025-12-19 11:00:57.278447+00', '2025-12-19 11:00:57.278447+00'),
(574, 37, 115, 4, '2025-12-19 11:00:57.28539+00', '2025-12-19 11:00:57.28539+00'),
(575, 31, 115, 5, '2025-12-19 11:00:57.292099+00', '2025-12-19 11:00:57.292099+00'),
(576, 57, 116, 1, '2025-12-19 11:00:57.310887+00', '2025-12-19 11:00:57.310887+00'),
(577, 22, 116, 2, '2025-12-19 11:00:57.316552+00', '2025-12-19 11:00:57.316552+00'),
(578, 44, 116, 3, '2025-12-19 11:00:57.323655+00', '2025-12-19 11:00:57.323655+00'),
(579, 25, 116, 4, '2025-12-19 11:00:57.330327+00', '2025-12-19 11:00:57.330327+00'),
(580, 32, 116, 5, '2025-12-19 11:00:57.337061+00', '2025-12-19 11:00:57.337061+00'),
(581, 29, 117, 1, '2025-12-19 11:00:57.350991+00', '2025-12-19 11:00:57.350991+00'),
(582, 32, 117, 2, '2025-12-19 11:00:57.358248+00', '2025-12-19 11:00:57.358248+00'),
(583, 26, 117, 3, '2025-12-19 11:00:57.365204+00', '2025-12-19 11:00:57.365204+00'),
(584, 38, 117, 4, '2025-12-19 11:00:57.372163+00', '2025-12-19 11:00:57.372163+00'),
(585, 27, 117, 5, '2025-12-19 11:00:57.379037+00', '2025-12-19 11:00:57.379037+00'),
(586, 27, 118, 1, '2025-12-19 11:00:57.392413+00', '2025-12-19 11:00:57.392413+00'),
(587, 45, 118, 2, '2025-12-19 11:00:57.399188+00', '2025-12-19 11:00:57.399188+00'),
(588, 31, 118, 3, '2025-12-19 11:00:57.407323+00', '2025-12-19 11:00:57.407323+00'),
(589, 12, 118, 4, '2025-12-19 11:00:57.414774+00', '2025-12-19 11:00:57.414774+00'),
(590, 12, 118, 5, '2025-12-19 11:00:57.421892+00', '2025-12-19 11:00:57.421892+00'),
(591, 18, 119, 1, '2025-12-19 11:00:57.433756+00', '2025-12-19 11:00:57.433756+00'),
(592, 50, 119, 2, '2025-12-19 11:00:57.439254+00', '2025-12-19 11:00:57.439254+00'),
(593, 36, 119, 3, '2025-12-19 11:00:57.446339+00', '2025-12-19 11:00:57.446339+00'),
(594, 44, 119, 4, '2025-12-19 11:00:57.451975+00', '2025-12-19 11:00:57.451975+00'),
(595, 31, 119, 5, '2025-12-19 11:00:57.459226+00', '2025-12-19 11:00:57.459226+00'),
(596, 26, 120, 1, '2025-12-19 11:00:57.470742+00', '2025-12-19 11:00:57.470742+00'),
(597, 17, 120, 2, '2025-12-19 11:00:57.478518+00', '2025-12-19 11:00:57.478518+00'),
(598, 16, 120, 3, '2025-12-19 11:00:57.485836+00', '2025-12-19 11:00:57.485836+00'),
(599, 55, 120, 4, '2025-12-19 11:00:57.493148+00', '2025-12-19 11:00:57.493148+00'),
(600, 23, 120, 5, '2025-12-19 11:00:57.500154+00', '2025-12-19 11:00:57.500154+00'),
(601, 37, 121, 1, '2025-12-19 11:00:57.521797+00', '2025-12-19 11:00:57.521797+00'),
(602, 31, 121, 2, '2025-12-19 11:00:57.528017+00', '2025-12-19 11:00:57.528017+00'),
(603, 49, 121, 3, '2025-12-19 11:00:57.534457+00', '2025-12-19 11:00:57.534457+00'),
(604, 29, 121, 4, '2025-12-19 11:00:57.541163+00', '2025-12-19 11:00:57.541163+00'),
(605, 51, 121, 5, '2025-12-19 11:00:57.548065+00', '2025-12-19 11:00:57.548065+00'),
(606, 53, 122, 1, '2025-12-19 11:00:57.561986+00', '2025-12-19 11:00:57.561986+00'),
(607, 51, 122, 2, '2025-12-19 11:00:57.568744+00', '2025-12-19 11:00:57.568744+00'),
(608, 55, 122, 3, '2025-12-19 11:00:57.575936+00', '2025-12-19 11:00:57.575936+00'),
(609, 43, 122, 4, '2025-12-19 11:00:57.582119+00', '2025-12-19 11:00:57.582119+00'),
(610, 48, 122, 5, '2025-12-19 11:00:57.588061+00', '2025-12-19 11:00:57.588061+00'),
(611, 17, 123, 1, '2025-12-19 11:00:57.600839+00', '2025-12-19 11:00:57.600839+00'),
(612, 60, 123, 2, '2025-12-19 11:00:57.607507+00', '2025-12-19 11:00:57.607507+00'),
(613, 56, 123, 3, '2025-12-19 11:00:57.614832+00', '2025-12-19 11:00:57.614832+00'),
(614, 42, 123, 4, '2025-12-19 11:00:57.621147+00', '2025-12-19 11:00:57.621147+00'),
(615, 33, 123, 5, '2025-12-19 11:00:57.627989+00', '2025-12-19 11:00:57.627989+00'),
(616, 55, 124, 1, '2025-12-19 11:00:57.641916+00', '2025-12-19 11:00:57.641916+00'),
(617, 26, 124, 2, '2025-12-19 11:00:57.648036+00', '2025-12-19 11:00:57.648036+00'),
(618, 29, 124, 3, '2025-12-19 11:00:57.653847+00', '2025-12-19 11:00:57.653847+00'),
(619, 14, 124, 4, '2025-12-19 11:00:57.659258+00', '2025-12-19 11:00:57.659258+00'),
(620, 53, 124, 5, '2025-12-19 11:00:57.665352+00', '2025-12-19 11:00:57.665352+00'),
(621, 15, 125, 1, '2025-12-19 11:00:57.678139+00', '2025-12-19 11:00:57.678139+00'),
(622, 48, 125, 2, '2025-12-19 11:00:57.68454+00', '2025-12-19 11:00:57.68454+00'),
(623, 19, 125, 3, '2025-12-19 11:00:57.69018+00', '2025-12-19 11:00:57.69018+00'),
(624, 48, 125, 4, '2025-12-19 11:00:57.695467+00', '2025-12-19 11:00:57.695467+00'),
(625, 47, 125, 5, '2025-12-19 11:00:57.701252+00', '2025-12-19 11:00:57.701252+00'),
(626, 13, 126, 1, '2025-12-19 11:00:57.722437+00', '2025-12-19 11:00:57.722437+00'),
(627, 49, 126, 2, '2025-12-19 11:00:57.728298+00', '2025-12-19 11:00:57.728298+00'),
(628, 50, 126, 3, '2025-12-19 11:00:57.735686+00', '2025-12-19 11:00:57.735686+00'),
(629, 49, 126, 4, '2025-12-19 11:00:57.741101+00', '2025-12-19 11:00:57.741101+00'),
(630, 36, 126, 5, '2025-12-19 11:00:57.746293+00', '2025-12-19 11:00:57.746293+00'),
(631, 28, 127, 1, '2025-12-19 11:00:57.75819+00', '2025-12-19 11:00:57.75819+00'),
(632, 13, 127, 2, '2025-12-19 11:00:57.764063+00', '2025-12-19 11:00:57.764063+00'),
(633, 56, 127, 3, '2025-12-19 11:00:57.769151+00', '2025-12-19 11:00:57.769151+00'),
(634, 50, 127, 4, '2025-12-19 11:00:57.774684+00', '2025-12-19 11:00:57.774684+00'),
(635, 48, 127, 5, '2025-12-19 11:00:57.780307+00', '2025-12-19 11:00:57.780307+00'),
(636, 17, 128, 1, '2025-12-19 11:00:57.791439+00', '2025-12-19 11:00:57.791439+00'),
(637, 26, 128, 2, '2025-12-19 11:00:57.797238+00', '2025-12-19 11:00:57.797238+00'),
(638, 53, 128, 3, '2025-12-19 11:00:57.80265+00', '2025-12-19 11:00:57.80265+00'),
(639, 15, 128, 4, '2025-12-19 11:00:57.808088+00', '2025-12-19 11:00:57.808088+00'),
(640, 42, 128, 5, '2025-12-19 11:00:57.813638+00', '2025-12-19 11:00:57.813638+00'),
(641, 59, 129, 1, '2025-12-19 11:00:57.825416+00', '2025-12-19 11:00:57.825416+00'),
(642, 25, 129, 2, '2025-12-19 11:00:57.831065+00', '2025-12-19 11:00:57.831065+00'),
(643, 21, 129, 3, '2025-12-19 11:00:57.836634+00', '2025-12-19 11:00:57.836634+00'),
(644, 28, 129, 4, '2025-12-19 11:00:57.842307+00', '2025-12-19 11:00:57.842307+00'),
(645, 29, 129, 5, '2025-12-19 11:00:57.847651+00', '2025-12-19 11:00:57.847651+00'),
(646, 60, 130, 1, '2025-12-19 11:00:57.858388+00', '2025-12-19 11:00:57.858388+00'),
(647, 52, 130, 2, '2025-12-19 11:00:57.86357+00', '2025-12-19 11:00:57.86357+00'),
(648, 43, 130, 3, '2025-12-19 11:00:57.868979+00', '2025-12-19 11:00:57.868979+00'),
(649, 59, 130, 4, '2025-12-19 11:00:57.874041+00', '2025-12-19 11:00:57.874041+00'),
(650, 57, 130, 5, '2025-12-19 11:00:57.878982+00', '2025-12-19 11:00:57.878982+00'),
(651, 27, 131, 1, '2025-12-19 11:00:57.896584+00', '2025-12-19 11:00:57.896584+00'),
(652, 43, 131, 2, '2025-12-19 11:00:57.902322+00', '2025-12-19 11:00:57.902322+00'),
(653, 47, 131, 3, '2025-12-19 11:00:57.907961+00', '2025-12-19 11:00:57.907961+00'),
(654, 58, 131, 4, '2025-12-19 11:00:57.913703+00', '2025-12-19 11:00:57.913703+00'),
(655, 53, 131, 5, '2025-12-19 11:00:57.919386+00', '2025-12-19 11:00:57.919386+00'),
(656, 29, 132, 1, '2025-12-19 11:00:57.92985+00', '2025-12-19 11:00:57.92985+00'),
(657, 24, 132, 2, '2025-12-19 11:00:57.935403+00', '2025-12-19 11:00:57.935403+00'),
(658, 33, 132, 3, '2025-12-19 11:00:57.941513+00', '2025-12-19 11:00:57.941513+00'),
(659, 50, 132, 4, '2025-12-19 11:00:57.947491+00', '2025-12-19 11:00:57.947491+00'),
(660, 58, 132, 5, '2025-12-19 11:00:57.952892+00', '2025-12-19 11:00:57.952892+00'),
(661, 32, 133, 1, '2025-12-19 11:00:57.964915+00', '2025-12-19 11:00:57.964915+00'),
(662, 32, 133, 2, '2025-12-19 11:00:57.97048+00', '2025-12-19 11:00:57.97048+00'),
(663, 29, 133, 3, '2025-12-19 11:00:57.976295+00', '2025-12-19 11:00:57.976295+00'),
(664, 18, 133, 4, '2025-12-19 11:00:57.982804+00', '2025-12-19 11:00:57.982804+00'),
(665, 14, 133, 5, '2025-12-19 11:00:57.993657+00', '2025-12-19 11:00:57.993657+00'),
(666, 39, 134, 1, '2025-12-19 11:00:58.006037+00', '2025-12-19 11:00:58.006037+00'),
(667, 22, 134, 2, '2025-12-19 11:00:58.011884+00', '2025-12-19 11:00:58.011884+00'),
(668, 47, 134, 3, '2025-12-19 11:00:58.018226+00', '2025-12-19 11:00:58.018226+00'),
(669, 19, 134, 4, '2025-12-19 11:00:58.024398+00', '2025-12-19 11:00:58.024398+00'),
(670, 24, 134, 5, '2025-12-19 11:00:58.031677+00', '2025-12-19 11:00:58.031677+00'),
(671, 30, 135, 1, '2025-12-19 11:00:58.043001+00', '2025-12-19 11:00:58.043001+00'),
(672, 48, 135, 2, '2025-12-19 11:00:58.048665+00', '2025-12-19 11:00:58.048665+00'),
(673, 40, 135, 3, '2025-12-19 11:00:58.053943+00', '2025-12-19 11:00:58.053943+00'),
(674, 16, 135, 4, '2025-12-19 11:00:58.058882+00', '2025-12-19 11:00:58.058882+00'),
(675, 32, 135, 5, '2025-12-19 11:00:58.064087+00', '2025-12-19 11:00:58.064087+00'),
(676, 48, 136, 1, '2025-12-19 11:00:58.081823+00', '2025-12-19 11:00:58.081823+00'),
(677, 52, 136, 2, '2025-12-19 11:00:58.087686+00', '2025-12-19 11:00:58.087686+00'),
(678, 48, 136, 3, '2025-12-19 11:00:58.092943+00', '2025-12-19 11:00:58.092943+00'),
(679, 20, 136, 4, '2025-12-19 11:00:58.097881+00', '2025-12-19 11:00:58.097881+00'),
(680, 54, 136, 5, '2025-12-19 11:00:58.103649+00', '2025-12-19 11:00:58.103649+00'),
(681, 30, 137, 1, '2025-12-19 11:00:58.114655+00', '2025-12-19 11:00:58.114655+00'),
(682, 31, 137, 2, '2025-12-19 11:00:58.120502+00', '2025-12-19 11:00:58.120502+00'),
(683, 26, 137, 3, '2025-12-19 11:00:58.127593+00', '2025-12-19 11:00:58.127593+00'),
(684, 51, 137, 4, '2025-12-19 11:00:58.134273+00', '2025-12-19 11:00:58.134273+00'),
(685, 33, 137, 5, '2025-12-19 11:00:58.140657+00', '2025-12-19 11:00:58.140657+00'),
(686, 32, 138, 1, '2025-12-19 11:00:58.152487+00', '2025-12-19 11:00:58.152487+00'),
(687, 16, 138, 2, '2025-12-19 11:00:58.158426+00', '2025-12-19 11:00:58.158426+00'),
(688, 41, 138, 3, '2025-12-19 11:00:58.164517+00', '2025-12-19 11:00:58.164517+00'),
(689, 22, 138, 4, '2025-12-19 11:00:58.170185+00', '2025-12-19 11:00:58.170185+00'),
(690, 56, 138, 5, '2025-12-19 11:00:58.176365+00', '2025-12-19 11:00:58.176365+00'),
(691, 29, 139, 1, '2025-12-19 11:00:58.189459+00', '2025-12-19 11:00:58.189459+00'),
(692, 21, 139, 2, '2025-12-19 11:00:58.195329+00', '2025-12-19 11:00:58.195329+00'),
(693, 48, 139, 3, '2025-12-19 11:00:58.201335+00', '2025-12-19 11:00:58.201335+00'),
(694, 26, 139, 4, '2025-12-19 11:00:58.208824+00', '2025-12-19 11:00:58.208824+00'),
(695, 33, 139, 5, '2025-12-19 11:00:58.214249+00', '2025-12-19 11:00:58.214249+00'),
(696, 17, 140, 1, '2025-12-19 11:00:58.225615+00', '2025-12-19 11:00:58.225615+00'),
(697, 22, 140, 2, '2025-12-19 11:00:58.231199+00', '2025-12-19 11:00:58.231199+00'),
(698, 10, 140, 3, '2025-12-19 11:00:58.236529+00', '2025-12-19 11:00:58.236529+00'),
(699, 49, 140, 4, '2025-12-19 11:00:58.241614+00', '2025-12-19 11:00:58.241614+00'),
(700, 48, 140, 5, '2025-12-19 11:00:58.246648+00', '2025-12-19 11:00:58.246648+00'),
(701, 43, 141, 1, '2025-12-19 11:00:58.264556+00', '2025-12-19 11:00:58.264556+00'),
(702, 21, 141, 2, '2025-12-19 11:00:58.270584+00', '2025-12-19 11:00:58.270584+00'),
(703, 49, 141, 3, '2025-12-19 11:00:58.276745+00', '2025-12-19 11:00:58.276745+00'),
(704, 12, 141, 4, '2025-12-19 11:00:58.282517+00', '2025-12-19 11:00:58.282517+00'),
(705, 11, 141, 5, '2025-12-19 11:00:58.288318+00', '2025-12-19 11:00:58.288318+00'),
(706, 42, 142, 1, '2025-12-19 11:00:58.299024+00', '2025-12-19 11:00:58.299024+00'),
(707, 31, 142, 2, '2025-12-19 11:00:58.304888+00', '2025-12-19 11:00:58.304888+00'),
(708, 52, 142, 3, '2025-12-19 11:00:58.312319+00', '2025-12-19 11:00:58.312319+00'),
(709, 31, 142, 4, '2025-12-19 11:00:58.318232+00', '2025-12-19 11:00:58.318232+00'),
(710, 40, 142, 5, '2025-12-19 11:00:58.323979+00', '2025-12-19 11:00:58.323979+00'),
(711, 35, 143, 1, '2025-12-19 11:00:58.335933+00', '2025-12-19 11:00:58.335933+00'),
(712, 45, 143, 2, '2025-12-19 11:00:58.341879+00', '2025-12-19 11:00:58.341879+00'),
(713, 58, 143, 3, '2025-12-19 11:00:58.347606+00', '2025-12-19 11:00:58.347606+00'),
(714, 22, 143, 4, '2025-12-19 11:00:58.353551+00', '2025-12-19 11:00:58.353551+00'),
(715, 29, 143, 5, '2025-12-19 11:00:58.359339+00', '2025-12-19 11:00:58.359339+00'),
(716, 10, 144, 1, '2025-12-19 11:00:58.3715+00', '2025-12-19 11:00:58.3715+00'),
(717, 29, 144, 2, '2025-12-19 11:00:58.377322+00', '2025-12-19 11:00:58.377322+00'),
(718, 57, 144, 3, '2025-12-19 11:00:58.382878+00', '2025-12-19 11:00:58.382878+00'),
(719, 29, 144, 4, '2025-12-19 11:00:58.388598+00', '2025-12-19 11:00:58.388598+00'),
(720, 10, 144, 5, '2025-12-19 11:00:58.394276+00', '2025-12-19 11:00:58.394276+00'),
(721, 31, 145, 1, '2025-12-19 11:00:58.405756+00', '2025-12-19 11:00:58.405756+00'),
(722, 37, 145, 2, '2025-12-19 11:00:58.411386+00', '2025-12-19 11:00:58.411386+00'),
(723, 10, 145, 3, '2025-12-19 11:00:58.416767+00', '2025-12-19 11:00:58.416767+00'),
(724, 46, 145, 4, '2025-12-19 11:00:58.423075+00', '2025-12-19 11:00:58.423075+00'),
(725, 42, 145, 5, '2025-12-19 11:00:58.428537+00', '2025-12-19 11:00:58.428537+00'),
(726, 32, 146, 1, '2025-12-19 11:00:58.447582+00', '2025-12-19 11:00:58.447582+00'),
(727, 18, 146, 2, '2025-12-19 11:00:58.453779+00', '2025-12-19 11:00:58.453779+00'),
(728, 41, 146, 3, '2025-12-19 11:00:58.459962+00', '2025-12-19 11:00:58.459962+00'),
(729, 53, 146, 4, '2025-12-19 11:00:58.466478+00', '2025-12-19 11:00:58.466478+00'),
(730, 12, 146, 5, '2025-12-19 11:00:58.47356+00', '2025-12-19 11:00:58.47356+00'),
(731, 18, 147, 1, '2025-12-19 11:00:58.486153+00', '2025-12-19 11:00:58.486153+00'),
(732, 54, 147, 2, '2025-12-19 11:00:58.492281+00', '2025-12-19 11:00:58.492281+00'),
(733, 47, 147, 3, '2025-12-19 11:00:58.498448+00', '2025-12-19 11:00:58.498448+00'),
(734, 27, 147, 4, '2025-12-19 11:00:58.505892+00', '2025-12-19 11:00:58.505892+00'),
(735, 12, 147, 5, '2025-12-19 11:00:58.511965+00', '2025-12-19 11:00:58.511965+00'),
(736, 57, 148, 1, '2025-12-19 11:00:58.524154+00', '2025-12-19 11:00:58.524154+00'),
(737, 11, 148, 2, '2025-12-19 11:00:58.529737+00', '2025-12-19 11:00:58.529737+00'),
(738, 47, 148, 3, '2025-12-19 11:00:58.536172+00', '2025-12-19 11:00:58.536172+00'),
(739, 11, 148, 4, '2025-12-19 11:00:58.542441+00', '2025-12-19 11:00:58.542441+00'),
(740, 40, 148, 5, '2025-12-19 11:00:58.548338+00', '2025-12-19 11:00:58.548338+00'),
(741, 38, 149, 1, '2025-12-19 11:00:58.561806+00', '2025-12-19 11:00:58.561806+00'),
(742, 20, 149, 2, '2025-12-19 11:00:58.567426+00', '2025-12-19 11:00:58.567426+00'),
(743, 55, 149, 3, '2025-12-19 11:00:58.57438+00', '2025-12-19 11:00:58.57438+00'),
(744, 10, 149, 4, '2025-12-19 11:00:58.580097+00', '2025-12-19 11:00:58.580097+00'),
(745, 30, 149, 5, '2025-12-19 11:00:58.586239+00', '2025-12-19 11:00:58.586239+00'),
(746, 52, 150, 1, '2025-12-19 11:00:58.598642+00', '2025-12-19 11:00:58.598642+00'),
(747, 42, 150, 2, '2025-12-19 11:00:58.604727+00', '2025-12-19 11:00:58.604727+00'),
(748, 22, 150, 3, '2025-12-19 11:00:58.611437+00', '2025-12-19 11:00:58.611437+00'),
(749, 43, 150, 4, '2025-12-19 11:00:58.617649+00', '2025-12-19 11:00:58.617649+00'),
(750, 53, 150, 5, '2025-12-19 11:00:58.624052+00', '2025-12-19 11:00:58.624052+00'),
(751, 20, 151, 1, '2025-12-19 11:00:58.644452+00', '2025-12-19 11:00:58.644452+00'),
(752, 19, 151, 2, '2025-12-19 11:00:58.652513+00', '2025-12-19 11:00:58.652513+00'),
(753, 10, 151, 3, '2025-12-19 11:00:58.6585+00', '2025-12-19 11:00:58.6585+00'),
(754, 20, 151, 4, '2025-12-19 11:00:58.664194+00', '2025-12-19 11:00:58.664194+00'),
(755, 31, 151, 5, '2025-12-19 11:00:58.670584+00', '2025-12-19 11:00:58.670584+00'),
(756, 38, 152, 1, '2025-12-19 11:00:58.682925+00', '2025-12-19 11:00:58.682925+00'),
(757, 43, 152, 2, '2025-12-19 11:00:58.688801+00', '2025-12-19 11:00:58.688801+00'),
(758, 10, 152, 3, '2025-12-19 11:00:58.694946+00', '2025-12-19 11:00:58.694946+00'),
(759, 21, 152, 4, '2025-12-19 11:00:58.701746+00', '2025-12-19 11:00:58.701746+00'),
(760, 31, 152, 5, '2025-12-19 11:00:58.708237+00', '2025-12-19 11:00:58.708237+00'),
(761, 19, 153, 1, '2025-12-19 11:00:58.721235+00', '2025-12-19 11:00:58.721235+00'),
(762, 55, 153, 2, '2025-12-19 11:00:58.72709+00', '2025-12-19 11:00:58.72709+00'),
(763, 31, 153, 3, '2025-12-19 11:00:58.732801+00', '2025-12-19 11:00:58.732801+00'),
(764, 24, 153, 4, '2025-12-19 11:00:58.739487+00', '2025-12-19 11:00:58.739487+00'),
(765, 39, 153, 5, '2025-12-19 11:00:58.745955+00', '2025-12-19 11:00:58.745955+00'),
(766, 22, 154, 1, '2025-12-19 11:00:58.758252+00', '2025-12-19 11:00:58.758252+00'),
(767, 29, 154, 2, '2025-12-19 11:00:58.763816+00', '2025-12-19 11:00:58.763816+00'),
(768, 54, 154, 3, '2025-12-19 11:00:58.770095+00', '2025-12-19 11:00:58.770095+00'),
(769, 32, 154, 4, '2025-12-19 11:00:58.776224+00', '2025-12-19 11:00:58.776224+00'),
(770, 27, 154, 5, '2025-12-19 11:00:58.783183+00', '2025-12-19 11:00:58.783183+00'),
(771, 54, 155, 1, '2025-12-19 11:00:58.797982+00', '2025-12-19 11:00:58.797982+00'),
(772, 35, 155, 2, '2025-12-19 11:00:58.803935+00', '2025-12-19 11:00:58.803935+00'),
(773, 51, 155, 3, '2025-12-19 11:00:58.809852+00', '2025-12-19 11:00:58.809852+00'),
(774, 43, 155, 4, '2025-12-19 11:00:58.815927+00', '2025-12-19 11:00:58.815927+00'),
(775, 52, 155, 5, '2025-12-19 11:00:58.823175+00', '2025-12-19 11:00:58.823175+00'),
(776, 17, 156, 1, '2025-12-19 11:00:58.841556+00', '2025-12-19 11:00:58.841556+00'),
(777, 20, 156, 2, '2025-12-19 11:00:58.847859+00', '2025-12-19 11:00:58.847859+00'),
(778, 41, 156, 3, '2025-12-19 11:00:58.854177+00', '2025-12-19 11:00:58.854177+00'),
(779, 24, 156, 4, '2025-12-19 11:00:58.890646+00', '2025-12-19 11:00:58.890646+00'),
(780, 25, 156, 5, '2025-12-19 11:00:58.908562+00', '2025-12-19 11:00:58.908562+00'),
(781, 54, 157, 1, '2025-12-19 11:00:58.939045+00', '2025-12-19 11:00:58.939045+00'),
(782, 48, 157, 2, '2025-12-19 11:00:58.944757+00', '2025-12-19 11:00:58.944757+00'),
(783, 17, 157, 3, '2025-12-19 11:00:58.967032+00', '2025-12-19 11:00:58.967032+00'),
(784, 21, 157, 4, '2025-12-19 11:00:58.972899+00', '2025-12-19 11:00:58.972899+00'),
(785, 24, 157, 5, '2025-12-19 11:00:58.978374+00', '2025-12-19 11:00:58.978374+00'),
(786, 56, 158, 1, '2025-12-19 11:00:58.990458+00', '2025-12-19 11:00:58.990458+00'),
(787, 38, 158, 2, '2025-12-19 11:00:58.995842+00', '2025-12-19 11:00:58.995842+00'),
(788, 29, 158, 3, '2025-12-19 11:00:59.002034+00', '2025-12-19 11:00:59.002034+00'),
(789, 25, 158, 4, '2025-12-19 11:00:59.007592+00', '2025-12-19 11:00:59.007592+00'),
(790, 13, 158, 5, '2025-12-19 11:00:59.012481+00', '2025-12-19 11:00:59.012481+00'),
(791, 52, 159, 1, '2025-12-19 11:00:59.023504+00', '2025-12-19 11:00:59.023504+00'),
(792, 55, 159, 2, '2025-12-19 11:00:59.02944+00', '2025-12-19 11:00:59.02944+00'),
(793, 12, 159, 3, '2025-12-19 11:00:59.034909+00', '2025-12-19 11:00:59.034909+00'),
(794, 34, 159, 4, '2025-12-19 11:00:59.040674+00', '2025-12-19 11:00:59.040674+00'),
(795, 27, 159, 5, '2025-12-19 11:00:59.046352+00', '2025-12-19 11:00:59.046352+00'),
(796, 26, 160, 1, '2025-12-19 11:00:59.057828+00', '2025-12-19 11:00:59.057828+00'),
(797, 22, 160, 2, '2025-12-19 11:00:59.063807+00', '2025-12-19 11:00:59.063807+00'),
(798, 24, 160, 3, '2025-12-19 11:00:59.069082+00', '2025-12-19 11:00:59.069082+00'),
(799, 25, 160, 4, '2025-12-19 11:00:59.074655+00', '2025-12-19 11:00:59.074655+00'),
(800, 29, 160, 5, '2025-12-19 11:00:59.080657+00', '2025-12-19 11:00:59.080657+00'),
(801, 54, 161, 6, '2025-12-19 11:00:59.100863+00', '2025-12-19 11:00:59.100863+00'),
(802, 11, 161, 7, '2025-12-19 11:00:59.10694+00', '2025-12-19 11:00:59.10694+00'),
(803, 21, 161, 8, '2025-12-19 11:00:59.113426+00', '2025-12-19 11:00:59.113426+00'),
(804, 47, 161, 9, '2025-12-19 11:00:59.12081+00', '2025-12-19 11:00:59.12081+00'),
(805, 10, 161, 10, '2025-12-19 11:00:59.126696+00', '2025-12-19 11:00:59.126696+00'),
(806, 42, 162, 6, '2025-12-19 11:00:59.138779+00', '2025-12-19 11:00:59.138779+00'),
(807, 40, 162, 7, '2025-12-19 11:00:59.144242+00', '2025-12-19 11:00:59.144242+00'),
(808, 18, 162, 8, '2025-12-19 11:00:59.149766+00', '2025-12-19 11:00:59.149766+00'),
(809, 46, 162, 9, '2025-12-19 11:00:59.158576+00', '2025-12-19 11:00:59.158576+00'),
(810, 57, 162, 10, '2025-12-19 11:00:59.164529+00', '2025-12-19 11:00:59.164529+00'),
(811, 39, 163, 6, '2025-12-19 11:00:59.17622+00', '2025-12-19 11:00:59.17622+00'),
(812, 11, 163, 7, '2025-12-19 11:00:59.181906+00', '2025-12-19 11:00:59.181906+00'),
(813, 52, 163, 8, '2025-12-19 11:00:59.187806+00', '2025-12-19 11:00:59.187806+00'),
(814, 27, 163, 9, '2025-12-19 11:00:59.193194+00', '2025-12-19 11:00:59.193194+00'),
(815, 49, 163, 10, '2025-12-19 11:00:59.198748+00', '2025-12-19 11:00:59.198748+00'),
(816, 53, 164, 6, '2025-12-19 11:00:59.211403+00', '2025-12-19 11:00:59.211403+00'),
(817, 21, 164, 7, '2025-12-19 11:00:59.217452+00', '2025-12-19 11:00:59.217452+00'),
(818, 20, 164, 8, '2025-12-19 11:00:59.226018+00', '2025-12-19 11:00:59.226018+00'),
(819, 20, 164, 9, '2025-12-19 11:00:59.233475+00', '2025-12-19 11:00:59.233475+00'),
(820, 20, 164, 10, '2025-12-19 11:00:59.240433+00', '2025-12-19 11:00:59.240433+00'),
(821, 55, 165, 6, '2025-12-19 11:00:59.253217+00', '2025-12-19 11:00:59.253217+00'),
(822, 50, 165, 7, '2025-12-19 11:00:59.259686+00', '2025-12-19 11:00:59.259686+00'),
(823, 46, 165, 8, '2025-12-19 11:00:59.265693+00', '2025-12-19 11:00:59.265693+00'),
(824, 48, 165, 9, '2025-12-19 11:00:59.271886+00', '2025-12-19 11:00:59.271886+00'),
(825, 45, 165, 10, '2025-12-19 11:00:59.277878+00', '2025-12-19 11:00:59.277878+00'),
(826, 25, 166, 6, '2025-12-19 11:00:59.297617+00', '2025-12-19 11:00:59.297617+00'),
(827, 31, 166, 7, '2025-12-19 11:00:59.303261+00', '2025-12-19 11:00:59.303261+00'),
(828, 33, 166, 8, '2025-12-19 11:00:59.310209+00', '2025-12-19 11:00:59.310209+00'),
(829, 31, 166, 9, '2025-12-19 11:00:59.316313+00', '2025-12-19 11:00:59.316313+00'),
(830, 59, 166, 10, '2025-12-19 11:00:59.322738+00', '2025-12-19 11:00:59.322738+00'),
(831, 20, 167, 6, '2025-12-19 11:00:59.335766+00', '2025-12-19 11:00:59.335766+00'),
(832, 34, 167, 7, '2025-12-19 11:00:59.345899+00', '2025-12-19 11:00:59.345899+00'),
(833, 45, 167, 8, '2025-12-19 11:00:59.351931+00', '2025-12-19 11:00:59.351931+00'),
(834, 23, 167, 9, '2025-12-19 11:00:59.3579+00', '2025-12-19 11:00:59.3579+00'),
(835, 15, 167, 10, '2025-12-19 11:00:59.363654+00', '2025-12-19 11:00:59.363654+00'),
(836, 24, 168, 6, '2025-12-19 11:00:59.377448+00', '2025-12-19 11:00:59.377448+00'),
(837, 57, 168, 7, '2025-12-19 11:00:59.384169+00', '2025-12-19 11:00:59.384169+00'),
(838, 35, 168, 8, '2025-12-19 11:00:59.391205+00', '2025-12-19 11:00:59.391205+00'),
(839, 59, 168, 9, '2025-12-19 11:00:59.397414+00', '2025-12-19 11:00:59.397414+00'),
(840, 16, 168, 10, '2025-12-19 11:00:59.405069+00', '2025-12-19 11:00:59.405069+00'),
(841, 48, 169, 6, '2025-12-19 11:00:59.417641+00', '2025-12-19 11:00:59.417641+00'),
(842, 44, 169, 7, '2025-12-19 11:00:59.424775+00', '2025-12-19 11:00:59.424775+00'),
(843, 38, 169, 8, '2025-12-19 11:00:59.43226+00', '2025-12-19 11:00:59.43226+00'),
(844, 19, 169, 9, '2025-12-19 11:00:59.439132+00', '2025-12-19 11:00:59.439132+00'),
(845, 47, 169, 10, '2025-12-19 11:00:59.44532+00', '2025-12-19 11:00:59.44532+00'),
(846, 39, 170, 6, '2025-12-19 11:00:59.457537+00', '2025-12-19 11:00:59.457537+00'),
(847, 60, 170, 7, '2025-12-19 11:00:59.463221+00', '2025-12-19 11:00:59.463221+00'),
(848, 41, 170, 8, '2025-12-19 11:00:59.469186+00', '2025-12-19 11:00:59.469186+00'),
(849, 30, 170, 9, '2025-12-19 11:00:59.475256+00', '2025-12-19 11:00:59.475256+00'),
(850, 31, 170, 10, '2025-12-19 11:00:59.482109+00', '2025-12-19 11:00:59.482109+00'),
(851, 23, 171, 6, '2025-12-19 11:00:59.500993+00', '2025-12-19 11:00:59.500993+00'),
(852, 42, 171, 7, '2025-12-19 11:00:59.507643+00', '2025-12-19 11:00:59.507643+00'),
(853, 55, 171, 8, '2025-12-19 11:00:59.513452+00', '2025-12-19 11:00:59.513452+00'),
(854, 11, 171, 9, '2025-12-19 11:00:59.51921+00', '2025-12-19 11:00:59.51921+00'),
(855, 12, 171, 10, '2025-12-19 11:00:59.525532+00', '2025-12-19 11:00:59.525532+00'),
(856, 53, 172, 6, '2025-12-19 11:00:59.536872+00', '2025-12-19 11:00:59.536872+00'),
(857, 42, 172, 7, '2025-12-19 11:00:59.542319+00', '2025-12-19 11:00:59.542319+00'),
(858, 16, 172, 8, '2025-12-19 11:00:59.548694+00', '2025-12-19 11:00:59.548694+00'),
(859, 25, 172, 9, '2025-12-19 11:00:59.553675+00', '2025-12-19 11:00:59.553675+00'),
(860, 13, 172, 10, '2025-12-19 11:00:59.559612+00', '2025-12-19 11:00:59.559612+00'),
(861, 33, 173, 6, '2025-12-19 11:00:59.570378+00', '2025-12-19 11:00:59.570378+00'),
(862, 47, 173, 7, '2025-12-19 11:00:59.575638+00', '2025-12-19 11:00:59.575638+00'),
(863, 36, 173, 8, '2025-12-19 11:00:59.581341+00', '2025-12-19 11:00:59.581341+00'),
(864, 20, 173, 9, '2025-12-19 11:00:59.587884+00', '2025-12-19 11:00:59.587884+00'),
(865, 56, 173, 10, '2025-12-19 11:00:59.594492+00', '2025-12-19 11:00:59.594492+00'),
(866, 23, 174, 6, '2025-12-19 11:00:59.633219+00', '2025-12-19 11:00:59.633219+00'),
(867, 35, 174, 7, '2025-12-19 11:00:59.64005+00', '2025-12-19 11:00:59.64005+00'),
(868, 28, 174, 8, '2025-12-19 11:00:59.645988+00', '2025-12-19 11:00:59.645988+00'),
(869, 32, 174, 9, '2025-12-19 11:00:59.651874+00', '2025-12-19 11:00:59.651874+00'),
(870, 33, 174, 10, '2025-12-19 11:00:59.658805+00', '2025-12-19 11:00:59.658805+00'),
(871, 31, 175, 6, '2025-12-19 11:00:59.670852+00', '2025-12-19 11:00:59.670852+00'),
(872, 47, 175, 7, '2025-12-19 11:00:59.676459+00', '2025-12-19 11:00:59.676459+00'),
(873, 15, 175, 8, '2025-12-19 11:00:59.682108+00', '2025-12-19 11:00:59.682108+00'),
(874, 47, 175, 9, '2025-12-19 11:00:59.717622+00', '2025-12-19 11:00:59.717622+00'),
(875, 24, 175, 10, '2025-12-19 11:00:59.756444+00', '2025-12-19 11:00:59.756444+00'),
(876, 56, 176, 1, '2025-12-19 11:00:59.788301+00', '2025-12-19 11:00:59.788301+00'),
(877, 49, 176, 2, '2025-12-19 11:00:59.79442+00', '2025-12-19 11:00:59.79442+00'),
(878, 58, 176, 3, '2025-12-19 11:00:59.800678+00', '2025-12-19 11:00:59.800678+00'),
(879, 42, 176, 4, '2025-12-19 11:00:59.806228+00', '2025-12-19 11:00:59.806228+00'),
(880, 18, 176, 5, '2025-12-19 11:00:59.812896+00', '2025-12-19 11:00:59.812896+00'),
(881, 55, 177, 1, '2025-12-19 11:00:59.825276+00', '2025-12-19 11:00:59.825276+00'),
(882, 37, 177, 2, '2025-12-19 11:00:59.832451+00', '2025-12-19 11:00:59.832451+00'),
(883, 26, 177, 3, '2025-12-19 11:00:59.839063+00', '2025-12-19 11:00:59.839063+00'),
(884, 31, 177, 4, '2025-12-19 11:00:59.845839+00', '2025-12-19 11:00:59.845839+00'),
(885, 52, 177, 5, '2025-12-19 11:00:59.852579+00', '2025-12-19 11:00:59.852579+00'),
(886, 15, 178, 1, '2025-12-19 11:00:59.865192+00', '2025-12-19 11:00:59.865192+00'),
(887, 42, 178, 2, '2025-12-19 11:00:59.874197+00', '2025-12-19 11:00:59.874197+00'),
(888, 17, 178, 3, '2025-12-19 11:00:59.880365+00', '2025-12-19 11:00:59.880365+00'),
(889, 40, 178, 4, '2025-12-19 11:00:59.887268+00', '2025-12-19 11:00:59.887268+00'),
(890, 50, 178, 5, '2025-12-19 11:00:59.893331+00', '2025-12-19 11:00:59.893331+00'),
(891, 30, 179, 1, '2025-12-19 11:00:59.906133+00', '2025-12-19 11:00:59.906133+00'),
(892, 38, 179, 2, '2025-12-19 11:00:59.912516+00', '2025-12-19 11:00:59.912516+00'),
(893, 13, 179, 3, '2025-12-19 11:00:59.918279+00', '2025-12-19 11:00:59.918279+00'),
(894, 23, 179, 4, '2025-12-19 11:00:59.92458+00', '2025-12-19 11:00:59.92458+00'),
(895, 26, 179, 5, '2025-12-19 11:00:59.931143+00', '2025-12-19 11:00:59.931143+00'),
(896, 24, 180, 1, '2025-12-19 11:00:59.944977+00', '2025-12-19 11:00:59.944977+00'),
(897, 47, 180, 2, '2025-12-19 11:00:59.951206+00', '2025-12-19 11:00:59.951206+00'),
(898, 13, 180, 3, '2025-12-19 11:00:59.958251+00', '2025-12-19 11:00:59.958251+00'),
(899, 45, 180, 4, '2025-12-19 11:00:59.985832+00', '2025-12-19 11:00:59.985832+00'),
(900, 17, 180, 5, '2025-12-19 11:00:59.995988+00', '2025-12-19 11:00:59.995988+00'),
(901, 30, 181, 1, '2025-12-19 11:01:00.049107+00', '2025-12-19 11:01:00.049107+00'),
(902, 31, 181, 2, '2025-12-19 11:01:00.070019+00', '2025-12-19 11:01:00.070019+00'),
(903, 53, 181, 3, '2025-12-19 11:01:00.077559+00', '2025-12-19 11:01:00.077559+00'),
(904, 27, 181, 4, '2025-12-19 11:01:00.083509+00', '2025-12-19 11:01:00.083509+00'),
(905, 59, 181, 5, '2025-12-19 11:01:00.091303+00', '2025-12-19 11:01:00.091303+00'),
(906, 29, 182, 1, '2025-12-19 11:01:00.104682+00', '2025-12-19 11:01:00.104682+00'),
(907, 53, 182, 2, '2025-12-19 11:01:00.109914+00', '2025-12-19 11:01:00.109914+00'),
(908, 46, 182, 3, '2025-12-19 11:01:00.115922+00', '2025-12-19 11:01:00.115922+00'),
(909, 58, 182, 4, '2025-12-19 11:01:00.122239+00', '2025-12-19 11:01:00.122239+00'),
(910, 48, 182, 5, '2025-12-19 11:01:00.12854+00', '2025-12-19 11:01:00.12854+00'),
(911, 36, 183, 1, '2025-12-19 11:01:00.139055+00', '2025-12-19 11:01:00.139055+00'),
(912, 14, 183, 2, '2025-12-19 11:01:00.14458+00', '2025-12-19 11:01:00.14458+00'),
(913, 20, 183, 3, '2025-12-19 11:01:00.150467+00', '2025-12-19 11:01:00.150467+00'),
(914, 37, 183, 4, '2025-12-19 11:01:00.156961+00', '2025-12-19 11:01:00.156961+00'),
(915, 47, 183, 5, '2025-12-19 11:01:00.163437+00', '2025-12-19 11:01:00.163437+00'),
(916, 30, 184, 1, '2025-12-19 11:01:00.176582+00', '2025-12-19 11:01:00.176582+00'),
(917, 47, 184, 2, '2025-12-19 11:01:00.190695+00', '2025-12-19 11:01:00.190695+00'),
(918, 46, 184, 3, '2025-12-19 11:01:00.203093+00', '2025-12-19 11:01:00.203093+00'),
(919, 18, 184, 4, '2025-12-19 11:01:00.216905+00', '2025-12-19 11:01:00.216905+00'),
(920, 45, 184, 5, '2025-12-19 11:01:00.231984+00', '2025-12-19 11:01:00.231984+00'),
(921, 44, 185, 1, '2025-12-19 11:01:00.246421+00', '2025-12-19 11:01:00.246421+00'),
(922, 45, 185, 2, '2025-12-19 11:01:00.254018+00', '2025-12-19 11:01:00.254018+00'),
(923, 33, 185, 3, '2025-12-19 11:01:00.262894+00', '2025-12-19 11:01:00.262894+00'),
(924, 59, 185, 4, '2025-12-19 11:01:00.269245+00', '2025-12-19 11:01:00.269245+00'),
(925, 37, 185, 5, '2025-12-19 11:01:00.276334+00', '2025-12-19 11:01:00.276334+00'),
(926, 46, 186, 1, '2025-12-19 11:01:00.302252+00', '2025-12-19 11:01:00.302252+00'),
(927, 46, 186, 2, '2025-12-19 11:01:00.308226+00', '2025-12-19 11:01:00.308226+00'),
(928, 27, 186, 3, '2025-12-19 11:01:00.313609+00', '2025-12-19 11:01:00.313609+00'),
(929, 47, 186, 4, '2025-12-19 11:01:00.319013+00', '2025-12-19 11:01:00.319013+00'),
(930, 43, 186, 5, '2025-12-19 11:01:00.326856+00', '2025-12-19 11:01:00.326856+00'),
(931, 14, 187, 1, '2025-12-19 11:01:00.339041+00', '2025-12-19 11:01:00.339041+00'),
(932, 53, 187, 2, '2025-12-19 11:01:00.3445+00', '2025-12-19 11:01:00.3445+00'),
(933, 30, 187, 3, '2025-12-19 11:01:00.350408+00', '2025-12-19 11:01:00.350408+00'),
(934, 50, 187, 4, '2025-12-19 11:01:00.356466+00', '2025-12-19 11:01:00.356466+00'),
(935, 27, 187, 5, '2025-12-19 11:01:00.361712+00', '2025-12-19 11:01:00.361712+00'),
(936, 56, 188, 1, '2025-12-19 11:01:00.374239+00', '2025-12-19 11:01:00.374239+00'),
(937, 53, 188, 2, '2025-12-19 11:01:00.381757+00', '2025-12-19 11:01:00.381757+00'),
(938, 20, 188, 3, '2025-12-19 11:01:00.387861+00', '2025-12-19 11:01:00.387861+00'),
(939, 11, 188, 4, '2025-12-19 11:01:00.393549+00', '2025-12-19 11:01:00.393549+00'),
(940, 46, 188, 5, '2025-12-19 11:01:00.399275+00', '2025-12-19 11:01:00.399275+00'),
(941, 23, 189, 1, '2025-12-19 11:01:00.410764+00', '2025-12-19 11:01:00.410764+00'),
(942, 27, 189, 2, '2025-12-19 11:01:00.416884+00', '2025-12-19 11:01:00.416884+00'),
(943, 48, 189, 3, '2025-12-19 11:01:00.422846+00', '2025-12-19 11:01:00.422846+00'),
(944, 21, 189, 4, '2025-12-19 11:01:00.428671+00', '2025-12-19 11:01:00.428671+00'),
(945, 43, 189, 5, '2025-12-19 11:01:00.434442+00', '2025-12-19 11:01:00.434442+00'),
(946, 25, 190, 1, '2025-12-19 11:01:00.446078+00', '2025-12-19 11:01:00.446078+00'),
(947, 50, 190, 2, '2025-12-19 11:01:00.451507+00', '2025-12-19 11:01:00.451507+00'),
(948, 39, 190, 3, '2025-12-19 11:01:00.458608+00', '2025-12-19 11:01:00.458608+00'),
(949, 21, 190, 4, '2025-12-19 11:01:00.464776+00', '2025-12-19 11:01:00.464776+00'),
(950, 17, 190, 5, '2025-12-19 11:01:00.471708+00', '2025-12-19 11:01:00.471708+00'),
(951, 12, 191, 1, '2025-12-19 11:01:00.491928+00', '2025-12-19 11:01:00.491928+00'),
(952, 59, 191, 2, '2025-12-19 11:01:00.498021+00', '2025-12-19 11:01:00.498021+00'),
(953, 37, 191, 3, '2025-12-19 11:01:00.503633+00', '2025-12-19 11:01:00.503633+00'),
(954, 14, 191, 4, '2025-12-19 11:01:00.510324+00', '2025-12-19 11:01:00.510324+00'),
(955, 40, 191, 5, '2025-12-19 11:01:00.515451+00', '2025-12-19 11:01:00.515451+00'),
(956, 10, 192, 1, '2025-12-19 11:01:00.526769+00', '2025-12-19 11:01:00.526769+00'),
(957, 23, 192, 2, '2025-12-19 11:01:00.531914+00', '2025-12-19 11:01:00.531914+00'),
(958, 19, 192, 3, '2025-12-19 11:01:00.537768+00', '2025-12-19 11:01:00.537768+00'),
(959, 25, 192, 4, '2025-12-19 11:01:00.542992+00', '2025-12-19 11:01:00.542992+00'),
(960, 13, 192, 5, '2025-12-19 11:01:00.548286+00', '2025-12-19 11:01:00.548286+00'),
(961, 40, 193, 1, '2025-12-19 11:01:00.558697+00', '2025-12-19 11:01:00.558697+00'),
(962, 20, 193, 2, '2025-12-19 11:01:00.564108+00', '2025-12-19 11:01:00.564108+00'),
(963, 43, 193, 3, '2025-12-19 11:01:00.569714+00', '2025-12-19 11:01:00.569714+00'),
(964, 50, 193, 4, '2025-12-19 11:01:00.575099+00', '2025-12-19 11:01:00.575099+00'),
(965, 60, 193, 5, '2025-12-19 11:01:00.580704+00', '2025-12-19 11:01:00.580704+00'),
(966, 24, 194, 1, '2025-12-19 11:01:00.592245+00', '2025-12-19 11:01:00.592245+00'),
(967, 44, 194, 2, '2025-12-19 11:01:00.598049+00', '2025-12-19 11:01:00.598049+00'),
(968, 53, 194, 3, '2025-12-19 11:01:00.604146+00', '2025-12-19 11:01:00.604146+00'),
(969, 54, 194, 4, '2025-12-19 11:01:00.609331+00', '2025-12-19 11:01:00.609331+00'),
(970, 58, 194, 5, '2025-12-19 11:01:00.614327+00', '2025-12-19 11:01:00.614327+00'),
(971, 28, 195, 1, '2025-12-19 11:01:00.625886+00', '2025-12-19 11:01:00.625886+00'),
(972, 21, 195, 2, '2025-12-19 11:01:00.631906+00', '2025-12-19 11:01:00.631906+00'),
(973, 43, 195, 3, '2025-12-19 11:01:00.637531+00', '2025-12-19 11:01:00.637531+00'),
(974, 17, 195, 4, '2025-12-19 11:01:00.643076+00', '2025-12-19 11:01:00.643076+00'),
(975, 48, 195, 5, '2025-12-19 11:01:00.649153+00', '2025-12-19 11:01:00.649153+00'),
(976, 13, 196, 1, '2025-12-19 11:01:00.666776+00', '2025-12-19 11:01:00.666776+00'),
(977, 22, 196, 2, '2025-12-19 11:01:00.672324+00', '2025-12-19 11:01:00.672324+00'),
(978, 31, 196, 3, '2025-12-19 11:01:00.677825+00', '2025-12-19 11:01:00.677825+00'),
(979, 46, 196, 4, '2025-12-19 11:01:00.683861+00', '2025-12-19 11:01:00.683861+00'),
(980, 34, 196, 5, '2025-12-19 11:01:00.688565+00', '2025-12-19 11:01:00.688565+00'),
(981, 48, 197, 1, '2025-12-19 11:01:00.698752+00', '2025-12-19 11:01:00.698752+00'),
(982, 49, 197, 2, '2025-12-19 11:01:00.704207+00', '2025-12-19 11:01:00.704207+00'),
(983, 48, 197, 3, '2025-12-19 11:01:00.710106+00', '2025-12-19 11:01:00.710106+00'),
(984, 50, 197, 4, '2025-12-19 11:01:00.715638+00', '2025-12-19 11:01:00.715638+00'),
(985, 56, 197, 5, '2025-12-19 11:01:00.721698+00', '2025-12-19 11:01:00.721698+00'),
(986, 58, 198, 1, '2025-12-19 11:01:00.733586+00', '2025-12-19 11:01:00.733586+00'),
(987, 28, 198, 2, '2025-12-19 11:01:00.738856+00', '2025-12-19 11:01:00.738856+00'),
(988, 26, 198, 3, '2025-12-19 11:01:00.744135+00', '2025-12-19 11:01:00.744135+00'),
(989, 52, 198, 4, '2025-12-19 11:01:00.749514+00', '2025-12-19 11:01:00.749514+00'),
(990, 43, 198, 5, '2025-12-19 11:01:00.755295+00', '2025-12-19 11:01:00.755295+00'),
(991, 30, 199, 1, '2025-12-19 11:01:00.766305+00', '2025-12-19 11:01:00.766305+00'),
(992, 54, 199, 2, '2025-12-19 11:01:00.771758+00', '2025-12-19 11:01:00.771758+00'),
(993, 12, 199, 3, '2025-12-19 11:01:00.776491+00', '2025-12-19 11:01:00.776491+00'),
(994, 25, 199, 4, '2025-12-19 11:01:00.781411+00', '2025-12-19 11:01:00.781411+00'),
(995, 42, 199, 5, '2025-12-19 11:01:00.786635+00', '2025-12-19 11:01:00.786635+00'),
(996, 41, 200, 1, '2025-12-19 11:01:00.796663+00', '2025-12-19 11:01:00.796663+00'),
(997, 53, 200, 2, '2025-12-19 11:01:00.80192+00', '2025-12-19 11:01:00.80192+00'),
(998, 17, 200, 3, '2025-12-19 11:01:00.807366+00', '2025-12-19 11:01:00.807366+00'),
(999, 56, 200, 4, '2025-12-19 11:01:00.812566+00', '2025-12-19 11:01:00.812566+00'),
(1000, 19, 200, 5, '2025-12-19 11:01:00.817897+00', '2025-12-19 11:01:00.817897+00'),
(1001, 40, 201, 1, '2025-12-19 11:01:00.837196+00', '2025-12-19 11:01:00.837196+00'),
(1002, 53, 201, 2, '2025-12-19 11:01:00.844424+00', '2025-12-19 11:01:00.844424+00'),
(1003, 11, 201, 3, '2025-12-19 11:01:00.851159+00', '2025-12-19 11:01:00.851159+00'),
(1004, 22, 201, 4, '2025-12-19 11:01:00.857885+00', '2025-12-19 11:01:00.857885+00'),
(1005, 26, 201, 5, '2025-12-19 11:01:00.864724+00', '2025-12-19 11:01:00.864724+00'),
(1006, 28, 202, 1, '2025-12-19 11:01:00.877951+00', '2025-12-19 11:01:00.877951+00'),
(1007, 44, 202, 2, '2025-12-19 11:01:00.884451+00', '2025-12-19 11:01:00.884451+00'),
(1008, 28, 202, 3, '2025-12-19 11:01:00.89151+00', '2025-12-19 11:01:00.89151+00'),
(1009, 29, 202, 4, '2025-12-19 11:01:00.896676+00', '2025-12-19 11:01:00.896676+00'),
(1010, 53, 202, 5, '2025-12-19 11:01:00.902358+00', '2025-12-19 11:01:00.902358+00'),
(1011, 46, 203, 1, '2025-12-19 11:01:00.914065+00', '2025-12-19 11:01:00.914065+00'),
(1012, 21, 203, 2, '2025-12-19 11:01:00.919662+00', '2025-12-19 11:01:00.919662+00'),
(1013, 15, 203, 3, '2025-12-19 11:01:00.927155+00', '2025-12-19 11:01:00.927155+00'),
(1014, 30, 203, 4, '2025-12-19 11:01:00.933985+00', '2025-12-19 11:01:00.933985+00'),
(1015, 42, 203, 5, '2025-12-19 11:01:00.94054+00', '2025-12-19 11:01:00.94054+00'),
(1016, 56, 204, 1, '2025-12-19 11:01:00.954565+00', '2025-12-19 11:01:00.954565+00'),
(1017, 23, 204, 2, '2025-12-19 11:01:00.961483+00', '2025-12-19 11:01:00.961483+00'),
(1018, 25, 204, 3, '2025-12-19 11:01:00.968539+00', '2025-12-19 11:01:00.968539+00'),
(1019, 35, 204, 4, '2025-12-19 11:01:00.975537+00', '2025-12-19 11:01:00.975537+00'),
(1020, 52, 204, 5, '2025-12-19 11:01:00.982803+00', '2025-12-19 11:01:00.982803+00'),
(1021, 53, 205, 1, '2025-12-19 11:01:00.99732+00', '2025-12-19 11:01:00.99732+00'),
(1022, 26, 205, 2, '2025-12-19 11:01:01.003483+00', '2025-12-19 11:01:01.003483+00'),
(1023, 52, 205, 3, '2025-12-19 11:01:01.010441+00', '2025-12-19 11:01:01.010441+00'),
(1024, 60, 205, 4, '2025-12-19 11:01:01.016674+00', '2025-12-19 11:01:01.016674+00'),
(1025, 28, 205, 5, '2025-12-19 11:01:01.022328+00', '2025-12-19 11:01:01.022328+00'),
(1026, 55, 206, 1, '2025-12-19 11:01:01.041484+00', '2025-12-19 11:01:01.041484+00'),
(1027, 31, 206, 2, '2025-12-19 11:01:01.047346+00', '2025-12-19 11:01:01.047346+00'),
(1028, 21, 206, 3, '2025-12-19 11:01:01.053866+00', '2025-12-19 11:01:01.053866+00'),
(1029, 10, 206, 4, '2025-12-19 11:01:01.059549+00', '2025-12-19 11:01:01.059549+00'),
(1030, 36, 206, 5, '2025-12-19 11:01:01.065453+00', '2025-12-19 11:01:01.065453+00'),
(1031, 32, 207, 1, '2025-12-19 11:01:01.078158+00', '2025-12-19 11:01:01.078158+00'),
(1032, 36, 207, 2, '2025-12-19 11:01:01.085725+00', '2025-12-19 11:01:01.085725+00'),
(1033, 53, 207, 3, '2025-12-19 11:01:01.091926+00', '2025-12-19 11:01:01.091926+00'),
(1034, 39, 207, 4, '2025-12-19 11:01:01.097568+00', '2025-12-19 11:01:01.097568+00'),
(1035, 58, 207, 5, '2025-12-19 11:01:01.103501+00', '2025-12-19 11:01:01.103501+00'),
(1036, 13, 208, 1, '2025-12-19 11:01:01.116215+00', '2025-12-19 11:01:01.116215+00'),
(1037, 17, 208, 2, '2025-12-19 11:01:01.122624+00', '2025-12-19 11:01:01.122624+00'),
(1038, 56, 208, 3, '2025-12-19 11:01:01.129008+00', '2025-12-19 11:01:01.129008+00'),
(1039, 47, 208, 4, '2025-12-19 11:01:01.135341+00', '2025-12-19 11:01:01.135341+00'),
(1040, 42, 208, 5, '2025-12-19 11:01:01.141835+00', '2025-12-19 11:01:01.141835+00'),
(1041, 46, 209, 1, '2025-12-19 11:01:01.155494+00', '2025-12-19 11:01:01.155494+00'),
(1042, 49, 209, 2, '2025-12-19 11:01:01.161013+00', '2025-12-19 11:01:01.161013+00'),
(1043, 41, 209, 3, '2025-12-19 11:01:01.167061+00', '2025-12-19 11:01:01.167061+00'),
(1044, 27, 209, 4, '2025-12-19 11:01:01.173029+00', '2025-12-19 11:01:01.173029+00'),
(1045, 18, 209, 5, '2025-12-19 11:01:01.178222+00', '2025-12-19 11:01:01.178222+00'),
(1046, 14, 210, 1, '2025-12-19 11:01:01.188745+00', '2025-12-19 11:01:01.188745+00'),
(1047, 13, 210, 2, '2025-12-19 11:01:01.195745+00', '2025-12-19 11:01:01.195745+00'),
(1048, 36, 210, 3, '2025-12-19 11:01:01.201336+00', '2025-12-19 11:01:01.201336+00'),
(1049, 37, 210, 4, '2025-12-19 11:01:01.207325+00', '2025-12-19 11:01:01.207325+00'),
(1050, 14, 210, 5, '2025-12-19 11:01:01.213682+00', '2025-12-19 11:01:01.213682+00'),
(1051, 56, 211, 1, '2025-12-19 11:01:01.232894+00', '2025-12-19 11:01:01.232894+00'),
(1052, 32, 211, 2, '2025-12-19 11:01:01.238839+00', '2025-12-19 11:01:01.238839+00'),
(1053, 11, 211, 3, '2025-12-19 11:01:01.245368+00', '2025-12-19 11:01:01.245368+00'),
(1054, 41, 211, 4, '2025-12-19 11:01:01.251328+00', '2025-12-19 11:01:01.251328+00'),
(1055, 28, 211, 5, '2025-12-19 11:01:01.256995+00', '2025-12-19 11:01:01.256995+00'),
(1056, 30, 212, 1, '2025-12-19 11:01:01.268742+00', '2025-12-19 11:01:01.268742+00'),
(1057, 39, 212, 2, '2025-12-19 11:01:01.27555+00', '2025-12-19 11:01:01.27555+00'),
(1058, 53, 212, 3, '2025-12-19 11:01:01.28079+00', '2025-12-19 11:01:01.28079+00'),
(1059, 23, 212, 4, '2025-12-19 11:01:01.287188+00', '2025-12-19 11:01:01.287188+00'),
(1060, 44, 212, 5, '2025-12-19 11:01:01.29316+00', '2025-12-19 11:01:01.29316+00'),
(1061, 13, 213, 1, '2025-12-19 11:01:01.305218+00', '2025-12-19 11:01:01.305218+00'),
(1062, 50, 213, 2, '2025-12-19 11:01:01.310474+00', '2025-12-19 11:01:01.310474+00'),
(1063, 38, 213, 3, '2025-12-19 11:01:01.315764+00', '2025-12-19 11:01:01.315764+00'),
(1064, 10, 213, 4, '2025-12-19 11:01:01.321095+00', '2025-12-19 11:01:01.321095+00'),
(1065, 25, 213, 5, '2025-12-19 11:01:01.326267+00', '2025-12-19 11:01:01.326267+00'),
(1066, 37, 214, 1, '2025-12-19 11:01:01.337581+00', '2025-12-19 11:01:01.337581+00'),
(1067, 31, 214, 2, '2025-12-19 11:01:01.343181+00', '2025-12-19 11:01:01.343181+00'),
(1068, 25, 214, 3, '2025-12-19 11:01:01.349458+00', '2025-12-19 11:01:01.349458+00'),
(1069, 31, 214, 4, '2025-12-19 11:01:01.356655+00', '2025-12-19 11:01:01.356655+00'),
(1070, 39, 214, 5, '2025-12-19 11:01:01.362515+00', '2025-12-19 11:01:01.362515+00'),
(1071, 29, 215, 1, '2025-12-19 11:01:01.373971+00', '2025-12-19 11:01:01.373971+00'),
(1072, 48, 215, 2, '2025-12-19 11:01:01.379563+00', '2025-12-19 11:01:01.379563+00'),
(1073, 39, 215, 3, '2025-12-19 11:01:01.38637+00', '2025-12-19 11:01:01.38637+00'),
(1074, 16, 215, 4, '2025-12-19 11:01:01.391958+00', '2025-12-19 11:01:01.391958+00'),
(1075, 41, 215, 5, '2025-12-19 11:01:01.397268+00', '2025-12-19 11:01:01.397268+00'),
(1076, 49, 216, 1, '2025-12-19 11:01:01.415034+00', '2025-12-19 11:01:01.415034+00'),
(1077, 19, 216, 2, '2025-12-19 11:01:01.420797+00', '2025-12-19 11:01:01.420797+00'),
(1078, 27, 216, 3, '2025-12-19 11:01:01.425986+00', '2025-12-19 11:01:01.425986+00'),
(1079, 30, 216, 4, '2025-12-19 11:01:01.43108+00', '2025-12-19 11:01:01.43108+00'),
(1080, 49, 216, 5, '2025-12-19 11:01:01.436348+00', '2025-12-19 11:01:01.436348+00'),
(1081, 49, 217, 1, '2025-12-19 11:01:01.448073+00', '2025-12-19 11:01:01.448073+00'),
(1082, 22, 217, 2, '2025-12-19 11:01:01.453561+00', '2025-12-19 11:01:01.453561+00'),
(1083, 50, 217, 3, '2025-12-19 11:01:01.459951+00', '2025-12-19 11:01:01.459951+00'),
(1084, 56, 217, 4, '2025-12-19 11:01:01.465552+00', '2025-12-19 11:01:01.465552+00'),
(1085, 40, 217, 5, '2025-12-19 11:01:01.472173+00', '2025-12-19 11:01:01.472173+00'),
(1086, 11, 218, 1, '2025-12-19 11:01:01.485557+00', '2025-12-19 11:01:01.485557+00'),
(1087, 34, 218, 2, '2025-12-19 11:01:01.491685+00', '2025-12-19 11:01:01.491685+00'),
(1088, 28, 218, 3, '2025-12-19 11:01:01.497676+00', '2025-12-19 11:01:01.497676+00'),
(1089, 53, 218, 4, '2025-12-19 11:01:01.503335+00', '2025-12-19 11:01:01.503335+00'),
(1090, 43, 218, 5, '2025-12-19 11:01:01.510433+00', '2025-12-19 11:01:01.510433+00'),
(1091, 50, 219, 1, '2025-12-19 11:01:01.522586+00', '2025-12-19 11:01:01.522586+00'),
(1092, 41, 219, 2, '2025-12-19 11:01:01.528248+00', '2025-12-19 11:01:01.528248+00'),
(1093, 22, 219, 3, '2025-12-19 11:01:01.534217+00', '2025-12-19 11:01:01.534217+00'),
(1094, 54, 219, 4, '2025-12-19 11:01:01.539595+00', '2025-12-19 11:01:01.539595+00'),
(1095, 41, 219, 5, '2025-12-19 11:01:01.545009+00', '2025-12-19 11:01:01.545009+00'),
(1096, 18, 220, 1, '2025-12-19 11:01:01.556798+00', '2025-12-19 11:01:01.556798+00'),
(1097, 39, 220, 2, '2025-12-19 11:01:01.561975+00', '2025-12-19 11:01:01.561975+00'),
(1098, 50, 220, 3, '2025-12-19 11:01:01.567351+00', '2025-12-19 11:01:01.567351+00'),
(1099, 16, 220, 4, '2025-12-19 11:01:01.57275+00', '2025-12-19 11:01:01.57275+00'),
(1100, 33, 220, 5, '2025-12-19 11:01:01.578672+00', '2025-12-19 11:01:01.578672+00'),
(1101, 16, 221, 6, '2025-12-19 11:01:01.595885+00', '2025-12-19 11:01:01.595885+00'),
(1102, 11, 221, 7, '2025-12-19 11:01:01.600779+00', '2025-12-19 11:01:01.600779+00'),
(1103, 42, 221, 8, '2025-12-19 11:01:01.60593+00', '2025-12-19 11:01:01.60593+00'),
(1104, 59, 221, 9, '2025-12-19 11:01:01.611277+00', '2025-12-19 11:01:01.611277+00'),
(1105, 44, 221, 10, '2025-12-19 11:01:01.617077+00', '2025-12-19 11:01:01.617077+00'),
(1106, 40, 222, 6, '2025-12-19 11:01:01.628256+00', '2025-12-19 11:01:01.628256+00'),
(1107, 17, 222, 7, '2025-12-19 11:01:01.633112+00', '2025-12-19 11:01:01.633112+00'),
(1108, 57, 222, 8, '2025-12-19 11:01:01.638319+00', '2025-12-19 11:01:01.638319+00'),
(1109, 26, 222, 9, '2025-12-19 11:01:01.643345+00', '2025-12-19 11:01:01.643345+00'),
(1110, 35, 222, 10, '2025-12-19 11:01:01.648743+00', '2025-12-19 11:01:01.648743+00'),
(1111, 27, 223, 6, '2025-12-19 11:01:01.661104+00', '2025-12-19 11:01:01.661104+00'),
(1112, 31, 223, 7, '2025-12-19 11:01:01.666722+00', '2025-12-19 11:01:01.666722+00'),
(1113, 35, 223, 8, '2025-12-19 11:01:01.672811+00', '2025-12-19 11:01:01.672811+00'),
(1114, 37, 223, 9, '2025-12-19 11:01:01.678591+00', '2025-12-19 11:01:01.678591+00'),
(1115, 25, 223, 10, '2025-12-19 11:01:01.684539+00', '2025-12-19 11:01:01.684539+00'),
(1116, 45, 224, 6, '2025-12-19 11:01:01.697312+00', '2025-12-19 11:01:01.697312+00'),
(1117, 27, 224, 7, '2025-12-19 11:01:01.702986+00', '2025-12-19 11:01:01.702986+00'),
(1118, 54, 224, 8, '2025-12-19 11:01:01.7082+00', '2025-12-19 11:01:01.7082+00'),
(1119, 42, 224, 9, '2025-12-19 11:01:01.712884+00', '2025-12-19 11:01:01.712884+00'),
(1120, 27, 224, 10, '2025-12-19 11:01:01.718094+00', '2025-12-19 11:01:01.718094+00'),
(1121, 18, 225, 6, '2025-12-19 11:01:01.729525+00', '2025-12-19 11:01:01.729525+00'),
(1122, 13, 225, 7, '2025-12-19 11:01:01.734949+00', '2025-12-19 11:01:01.734949+00'),
(1123, 40, 225, 8, '2025-12-19 11:01:01.740114+00', '2025-12-19 11:01:01.740114+00'),
(1124, 56, 225, 9, '2025-12-19 11:01:01.745719+00', '2025-12-19 11:01:01.745719+00'),
(1125, 55, 225, 10, '2025-12-19 11:01:01.751502+00', '2025-12-19 11:01:01.751502+00'),
(1126, 22, 226, 6, '2025-12-19 11:01:01.767831+00', '2025-12-19 11:01:01.767831+00'),
(1127, 26, 226, 7, '2025-12-19 11:01:01.773124+00', '2025-12-19 11:01:01.773124+00'),
(1128, 45, 226, 8, '2025-12-19 11:01:01.778869+00', '2025-12-19 11:01:01.778869+00'),
(1129, 57, 226, 9, '2025-12-19 11:01:01.784293+00', '2025-12-19 11:01:01.784293+00'),
(1130, 49, 226, 10, '2025-12-19 11:01:01.789715+00', '2025-12-19 11:01:01.789715+00'),
(1131, 26, 227, 6, '2025-12-19 11:01:01.801104+00', '2025-12-19 11:01:01.801104+00'),
(1132, 50, 227, 7, '2025-12-19 11:01:01.806634+00', '2025-12-19 11:01:01.806634+00'),
(1133, 53, 227, 8, '2025-12-19 11:01:01.812144+00', '2025-12-19 11:01:01.812144+00'),
(1134, 45, 227, 9, '2025-12-19 11:01:01.817359+00', '2025-12-19 11:01:01.817359+00'),
(1135, 52, 227, 10, '2025-12-19 11:01:01.822249+00', '2025-12-19 11:01:01.822249+00'),
(1136, 30, 228, 6, '2025-12-19 11:01:01.832702+00', '2025-12-19 11:01:01.832702+00'),
(1137, 47, 228, 7, '2025-12-19 11:01:01.83834+00', '2025-12-19 11:01:01.83834+00'),
(1138, 51, 228, 8, '2025-12-19 11:01:01.843616+00', '2025-12-19 11:01:01.843616+00'),
(1139, 47, 228, 9, '2025-12-19 11:01:01.849111+00', '2025-12-19 11:01:01.849111+00'),
(1140, 18, 228, 10, '2025-12-19 11:01:01.854934+00', '2025-12-19 11:01:01.854934+00'),
(1141, 13, 229, 6, '2025-12-19 11:01:01.867464+00', '2025-12-19 11:01:01.867464+00'),
(1142, 12, 229, 7, '2025-12-19 11:01:01.873393+00', '2025-12-19 11:01:01.873393+00'),
(1143, 23, 229, 8, '2025-12-19 11:01:01.878416+00', '2025-12-19 11:01:01.878416+00'),
(1144, 13, 229, 9, '2025-12-19 11:01:01.883654+00', '2025-12-19 11:01:01.883654+00'),
(1145, 57, 229, 10, '2025-12-19 11:01:01.888873+00', '2025-12-19 11:01:01.888873+00'),
(1146, 37, 230, 6, '2025-12-19 11:01:01.899954+00', '2025-12-19 11:01:01.899954+00'),
(1147, 57, 230, 7, '2025-12-19 11:01:01.905145+00', '2025-12-19 11:01:01.905145+00'),
(1148, 35, 230, 8, '2025-12-19 11:01:01.910377+00', '2025-12-19 11:01:01.910377+00'),
(1149, 13, 230, 9, '2025-12-19 11:01:01.915521+00', '2025-12-19 11:01:01.915521+00'),
(1150, 39, 230, 10, '2025-12-19 11:01:01.920839+00', '2025-12-19 11:01:01.920839+00'),
(1151, 20, 231, 6, '2025-12-19 11:01:01.940241+00', '2025-12-19 11:01:01.940241+00'),
(1152, 32, 231, 7, '2025-12-19 11:01:01.945897+00', '2025-12-19 11:01:01.945897+00'),
(1153, 41, 231, 8, '2025-12-19 11:01:01.951385+00', '2025-12-19 11:01:01.951385+00'),
(1154, 16, 231, 9, '2025-12-19 11:01:01.956881+00', '2025-12-19 11:01:01.956881+00'),
(1155, 47, 231, 10, '2025-12-19 11:01:01.962254+00', '2025-12-19 11:01:01.962254+00'),
(1156, 27, 232, 6, '2025-12-19 11:01:01.972934+00', '2025-12-19 11:01:01.972934+00'),
(1157, 55, 232, 7, '2025-12-19 11:01:01.977899+00', '2025-12-19 11:01:01.977899+00'),
(1158, 29, 232, 8, '2025-12-19 11:01:01.983208+00', '2025-12-19 11:01:01.983208+00'),
(1159, 57, 232, 9, '2025-12-19 11:01:01.98892+00', '2025-12-19 11:01:01.98892+00'),
(1160, 23, 232, 10, '2025-12-19 11:01:01.994005+00', '2025-12-19 11:01:01.994005+00'),
(1161, 59, 233, 6, '2025-12-19 11:01:02.00774+00', '2025-12-19 11:01:02.00774+00'),
(1162, 15, 233, 7, '2025-12-19 11:01:02.013183+00', '2025-12-19 11:01:02.013183+00'),
(1163, 52, 233, 8, '2025-12-19 11:01:02.018921+00', '2025-12-19 11:01:02.018921+00'),
(1164, 47, 233, 9, '2025-12-19 11:01:02.024755+00', '2025-12-19 11:01:02.024755+00'),
(1165, 34, 233, 10, '2025-12-19 11:01:02.030944+00', '2025-12-19 11:01:02.030944+00'),
(1166, 43, 234, 6, '2025-12-19 11:01:02.042143+00', '2025-12-19 11:01:02.042143+00'),
(1167, 53, 234, 7, '2025-12-19 11:01:02.0476+00', '2025-12-19 11:01:02.0476+00'),
(1168, 10, 234, 8, '2025-12-19 11:01:02.053368+00', '2025-12-19 11:01:02.053368+00'),
(1169, 58, 234, 9, '2025-12-19 11:01:02.058583+00', '2025-12-19 11:01:02.058583+00'),
(1170, 22, 234, 10, '2025-12-19 11:01:02.064821+00', '2025-12-19 11:01:02.064821+00'),
(1171, 20, 235, 6, '2025-12-19 11:01:02.076822+00', '2025-12-19 11:01:02.076822+00'),
(1172, 44, 235, 7, '2025-12-19 11:01:02.085169+00', '2025-12-19 11:01:02.085169+00'),
(1173, 30, 235, 8, '2025-12-19 11:01:02.091141+00', '2025-12-19 11:01:02.091141+00'),
(1174, 20, 235, 9, '2025-12-19 11:01:02.096866+00', '2025-12-19 11:01:02.096866+00'),
(1175, 57, 235, 10, '2025-12-19 11:01:02.102604+00', '2025-12-19 11:01:02.102604+00'),
(1176, 14, 236, 1, '2025-12-19 11:01:02.119183+00', '2025-12-19 11:01:02.119183+00'),
(1177, 45, 236, 2, '2025-12-19 11:01:02.124225+00', '2025-12-19 11:01:02.124225+00'),
(1178, 60, 236, 3, '2025-12-19 11:01:02.129801+00', '2025-12-19 11:01:02.129801+00'),
(1179, 54, 236, 4, '2025-12-19 11:01:02.135389+00', '2025-12-19 11:01:02.135389+00'),
(1180, 45, 236, 5, '2025-12-19 11:01:02.140921+00', '2025-12-19 11:01:02.140921+00'),
(1181, 16, 237, 1, '2025-12-19 11:01:02.151226+00', '2025-12-19 11:01:02.151226+00'),
(1182, 42, 237, 2, '2025-12-19 11:01:02.157136+00', '2025-12-19 11:01:02.157136+00'),
(1183, 40, 237, 3, '2025-12-19 11:01:02.162897+00', '2025-12-19 11:01:02.162897+00'),
(1184, 20, 237, 4, '2025-12-19 11:01:02.168215+00', '2025-12-19 11:01:02.168215+00'),
(1185, 59, 237, 5, '2025-12-19 11:01:02.173545+00', '2025-12-19 11:01:02.173545+00'),
(1186, 33, 238, 1, '2025-12-19 11:01:02.184506+00', '2025-12-19 11:01:02.184506+00'),
(1187, 47, 238, 2, '2025-12-19 11:01:02.19002+00', '2025-12-19 11:01:02.19002+00'),
(1188, 50, 238, 3, '2025-12-19 11:01:02.195275+00', '2025-12-19 11:01:02.195275+00'),
(1189, 49, 238, 4, '2025-12-19 11:01:02.200902+00', '2025-12-19 11:01:02.200902+00'),
(1190, 55, 238, 5, '2025-12-19 11:01:02.206675+00', '2025-12-19 11:01:02.206675+00'),
(1191, 46, 239, 1, '2025-12-19 11:01:02.217528+00', '2025-12-19 11:01:02.217528+00'),
(1192, 51, 239, 2, '2025-12-19 11:01:02.222991+00', '2025-12-19 11:01:02.222991+00'),
(1193, 45, 239, 3, '2025-12-19 11:01:02.22853+00', '2025-12-19 11:01:02.22853+00'),
(1194, 55, 239, 4, '2025-12-19 11:01:02.233944+00', '2025-12-19 11:01:02.233944+00'),
(1195, 43, 239, 5, '2025-12-19 11:01:02.239208+00', '2025-12-19 11:01:02.239208+00'),
(1196, 14, 240, 1, '2025-12-19 11:01:02.250334+00', '2025-12-19 11:01:02.250334+00'),
(1197, 33, 240, 2, '2025-12-19 11:01:02.255869+00', '2025-12-19 11:01:02.255869+00'),
(1198, 14, 240, 3, '2025-12-19 11:01:02.261546+00', '2025-12-19 11:01:02.261546+00'),
(1199, 29, 240, 4, '2025-12-19 11:01:02.267281+00', '2025-12-19 11:01:02.267281+00'),
(1200, 13, 240, 5, '2025-12-19 11:01:02.272534+00', '2025-12-19 11:01:02.272534+00'),
(1201, 51, 241, 1, '2025-12-19 11:01:02.290149+00', '2025-12-19 11:01:02.290149+00'),
(1202, 50, 241, 2, '2025-12-19 11:01:02.295948+00', '2025-12-19 11:01:02.295948+00'),
(1203, 16, 241, 3, '2025-12-19 11:01:02.301434+00', '2025-12-19 11:01:02.301434+00'),
(1204, 39, 241, 4, '2025-12-19 11:01:02.307339+00', '2025-12-19 11:01:02.307339+00'),
(1205, 42, 241, 5, '2025-12-19 11:01:02.313514+00', '2025-12-19 11:01:02.313514+00'),
(1206, 23, 242, 1, '2025-12-19 11:01:02.324474+00', '2025-12-19 11:01:02.324474+00'),
(1207, 31, 242, 2, '2025-12-19 11:01:02.330414+00', '2025-12-19 11:01:02.330414+00'),
(1208, 30, 242, 3, '2025-12-19 11:01:02.336771+00', '2025-12-19 11:01:02.336771+00'),
(1209, 34, 242, 4, '2025-12-19 11:01:02.342982+00', '2025-12-19 11:01:02.342982+00'),
(1210, 27, 242, 5, '2025-12-19 11:01:02.348943+00', '2025-12-19 11:01:02.348943+00'),
(1211, 35, 243, 1, '2025-12-19 11:01:02.361527+00', '2025-12-19 11:01:02.361527+00'),
(1212, 27, 243, 2, '2025-12-19 11:01:02.367213+00', '2025-12-19 11:01:02.367213+00'),
(1213, 44, 243, 3, '2025-12-19 11:01:02.37272+00', '2025-12-19 11:01:02.37272+00'),
(1214, 14, 243, 4, '2025-12-19 11:01:02.379112+00', '2025-12-19 11:01:02.379112+00'),
(1215, 26, 243, 5, '2025-12-19 11:01:02.385814+00', '2025-12-19 11:01:02.385814+00'),
(1216, 48, 244, 1, '2025-12-19 11:01:02.397608+00', '2025-12-19 11:01:02.397608+00'),
(1217, 24, 244, 2, '2025-12-19 11:01:02.403419+00', '2025-12-19 11:01:02.403419+00'),
(1218, 19, 244, 3, '2025-12-19 11:01:02.408876+00', '2025-12-19 11:01:02.408876+00'),
(1219, 16, 244, 4, '2025-12-19 11:01:02.41461+00', '2025-12-19 11:01:02.41461+00'),
(1220, 26, 244, 5, '2025-12-19 11:01:02.420122+00', '2025-12-19 11:01:02.420122+00'),
(1221, 16, 245, 1, '2025-12-19 11:01:02.432816+00', '2025-12-19 11:01:02.432816+00'),
(1222, 15, 245, 2, '2025-12-19 11:01:02.438909+00', '2025-12-19 11:01:02.438909+00'),
(1223, 27, 245, 3, '2025-12-19 11:01:02.444767+00', '2025-12-19 11:01:02.444767+00'),
(1224, 29, 245, 4, '2025-12-19 11:01:02.451002+00', '2025-12-19 11:01:02.451002+00'),
(1225, 52, 245, 5, '2025-12-19 11:01:02.456674+00', '2025-12-19 11:01:02.456674+00'),
(1226, 35, 246, 1, '2025-12-19 11:01:02.476915+00', '2025-12-19 11:01:02.476915+00'),
(1227, 18, 246, 2, '2025-12-19 11:01:02.483766+00', '2025-12-19 11:01:02.483766+00'),
(1228, 30, 246, 3, '2025-12-19 11:01:02.489959+00', '2025-12-19 11:01:02.489959+00'),
(1229, 15, 246, 4, '2025-12-19 11:01:02.496932+00', '2025-12-19 11:01:02.496932+00'),
(1230, 31, 246, 5, '2025-12-19 11:01:02.50349+00', '2025-12-19 11:01:02.50349+00'),
(1231, 25, 247, 1, '2025-12-19 11:01:02.515777+00', '2025-12-19 11:01:02.515777+00'),
(1232, 53, 247, 2, '2025-12-19 11:01:02.521763+00', '2025-12-19 11:01:02.521763+00'),
(1233, 23, 247, 3, '2025-12-19 11:01:02.528099+00', '2025-12-19 11:01:02.528099+00'),
(1234, 60, 247, 4, '2025-12-19 11:01:02.536874+00', '2025-12-19 11:01:02.536874+00'),
(1235, 54, 247, 5, '2025-12-19 11:01:02.542688+00', '2025-12-19 11:01:02.542688+00'),
(1236, 10, 248, 1, '2025-12-19 11:01:02.555731+00', '2025-12-19 11:01:02.555731+00'),
(1237, 32, 248, 2, '2025-12-19 11:01:02.562416+00', '2025-12-19 11:01:02.562416+00'),
(1238, 55, 248, 3, '2025-12-19 11:01:02.56851+00', '2025-12-19 11:01:02.56851+00'),
(1239, 12, 248, 4, '2025-12-19 11:01:02.5746+00', '2025-12-19 11:01:02.5746+00'),
(1240, 52, 248, 5, '2025-12-19 11:01:02.581358+00', '2025-12-19 11:01:02.581358+00'),
(1241, 37, 249, 1, '2025-12-19 11:01:02.594048+00', '2025-12-19 11:01:02.594048+00'),
(1242, 11, 249, 2, '2025-12-19 11:01:02.599937+00', '2025-12-19 11:01:02.599937+00'),
(1243, 20, 249, 3, '2025-12-19 11:01:02.606048+00', '2025-12-19 11:01:02.606048+00'),
(1244, 30, 249, 4, '2025-12-19 11:01:02.612101+00', '2025-12-19 11:01:02.612101+00'),
(1245, 29, 249, 5, '2025-12-19 11:01:02.618021+00', '2025-12-19 11:01:02.618021+00'),
(1246, 34, 250, 1, '2025-12-19 11:01:02.630126+00', '2025-12-19 11:01:02.630126+00'),
(1247, 32, 250, 2, '2025-12-19 11:01:02.636396+00', '2025-12-19 11:01:02.636396+00'),
(1248, 55, 250, 3, '2025-12-19 11:01:02.642345+00', '2025-12-19 11:01:02.642345+00'),
(1249, 31, 250, 4, '2025-12-19 11:01:02.6483+00', '2025-12-19 11:01:02.6483+00'),
(1250, 38, 250, 5, '2025-12-19 11:01:02.65405+00', '2025-12-19 11:01:02.65405+00'),
(1251, 11, 251, 1, '2025-12-19 11:01:02.673613+00', '2025-12-19 11:01:02.673613+00'),
(1252, 12, 251, 2, '2025-12-19 11:01:02.679293+00', '2025-12-19 11:01:02.679293+00'),
(1253, 49, 251, 3, '2025-12-19 11:01:02.685447+00', '2025-12-19 11:01:02.685447+00'),
(1254, 40, 251, 4, '2025-12-19 11:01:02.691743+00', '2025-12-19 11:01:02.691743+00'),
(1255, 10, 251, 5, '2025-12-19 11:01:02.697949+00', '2025-12-19 11:01:02.697949+00'),
(1256, 16, 252, 1, '2025-12-19 11:01:02.710043+00', '2025-12-19 11:01:02.710043+00'),
(1257, 10, 252, 2, '2025-12-19 11:01:02.716265+00', '2025-12-19 11:01:02.716265+00'),
(1258, 60, 252, 3, '2025-12-19 11:01:02.722247+00', '2025-12-19 11:01:02.722247+00'),
(1259, 41, 252, 4, '2025-12-19 11:01:02.72866+00', '2025-12-19 11:01:02.72866+00'),
(1260, 19, 252, 5, '2025-12-19 11:01:02.734963+00', '2025-12-19 11:01:02.734963+00'),
(1261, 51, 253, 1, '2025-12-19 11:01:02.746895+00', '2025-12-19 11:01:02.746895+00'),
(1262, 21, 253, 2, '2025-12-19 11:01:02.753112+00', '2025-12-19 11:01:02.753112+00'),
(1263, 30, 253, 3, '2025-12-19 11:01:02.758847+00', '2025-12-19 11:01:02.758847+00'),
(1264, 14, 253, 4, '2025-12-19 11:01:02.764772+00', '2025-12-19 11:01:02.764772+00'),
(1265, 25, 253, 5, '2025-12-19 11:01:02.770909+00', '2025-12-19 11:01:02.770909+00'),
(1266, 60, 254, 1, '2025-12-19 11:01:02.782681+00', '2025-12-19 11:01:02.782681+00'),
(1267, 32, 254, 2, '2025-12-19 11:01:02.788783+00', '2025-12-19 11:01:02.788783+00'),
(1268, 31, 254, 3, '2025-12-19 11:01:02.794712+00', '2025-12-19 11:01:02.794712+00'),
(1269, 53, 254, 4, '2025-12-19 11:01:02.800556+00', '2025-12-19 11:01:02.800556+00'),
(1270, 45, 254, 5, '2025-12-19 11:01:02.806486+00', '2025-12-19 11:01:02.806486+00'),
(1271, 46, 255, 1, '2025-12-19 11:01:02.81847+00', '2025-12-19 11:01:02.81847+00'),
(1272, 55, 255, 2, '2025-12-19 11:01:02.824457+00', '2025-12-19 11:01:02.824457+00'),
(1273, 57, 255, 3, '2025-12-19 11:01:02.831662+00', '2025-12-19 11:01:02.831662+00'),
(1274, 17, 255, 4, '2025-12-19 11:01:02.840246+00', '2025-12-19 11:01:02.840246+00'),
(1275, 47, 255, 5, '2025-12-19 11:01:02.846888+00', '2025-12-19 11:01:02.846888+00'),
(1276, 25, 256, 1, '2025-12-19 11:01:02.867874+00', '2025-12-19 11:01:02.867874+00'),
(1277, 17, 256, 2, '2025-12-19 11:01:02.873835+00', '2025-12-19 11:01:02.873835+00'),
(1278, 56, 256, 3, '2025-12-19 11:01:02.879439+00', '2025-12-19 11:01:02.879439+00'),
(1279, 43, 256, 4, '2025-12-19 11:01:02.885332+00', '2025-12-19 11:01:02.885332+00'),
(1280, 28, 256, 5, '2025-12-19 11:01:02.891633+00', '2025-12-19 11:01:02.891633+00'),
(1281, 16, 257, 1, '2025-12-19 11:01:02.903631+00', '2025-12-19 11:01:02.903631+00'),
(1282, 41, 257, 2, '2025-12-19 11:01:02.909436+00', '2025-12-19 11:01:02.909436+00'),
(1283, 45, 257, 3, '2025-12-19 11:01:02.915865+00', '2025-12-19 11:01:02.915865+00'),
(1284, 57, 257, 4, '2025-12-19 11:01:02.922476+00', '2025-12-19 11:01:02.922476+00'),
(1285, 53, 257, 5, '2025-12-19 11:01:02.928158+00', '2025-12-19 11:01:02.928158+00'),
(1286, 27, 258, 1, '2025-12-19 11:01:02.94122+00', '2025-12-19 11:01:02.94122+00'),
(1287, 25, 258, 2, '2025-12-19 11:01:02.947808+00', '2025-12-19 11:01:02.947808+00'),
(1288, 59, 258, 3, '2025-12-19 11:01:02.953466+00', '2025-12-19 11:01:02.953466+00'),
(1289, 41, 258, 4, '2025-12-19 11:01:02.959201+00', '2025-12-19 11:01:02.959201+00'),
(1290, 43, 258, 5, '2025-12-19 11:01:02.965175+00', '2025-12-19 11:01:02.965175+00'),
(1291, 26, 259, 1, '2025-12-19 11:01:02.977088+00', '2025-12-19 11:01:02.977088+00'),
(1292, 42, 259, 2, '2025-12-19 11:01:02.983759+00', '2025-12-19 11:01:02.983759+00'),
(1293, 19, 259, 3, '2025-12-19 11:01:02.989902+00', '2025-12-19 11:01:02.989902+00'),
(1294, 47, 259, 4, '2025-12-19 11:01:02.99548+00', '2025-12-19 11:01:02.99548+00'),
(1295, 33, 259, 5, '2025-12-19 11:01:03.002179+00', '2025-12-19 11:01:03.002179+00'),
(1296, 50, 260, 1, '2025-12-19 11:01:03.015832+00', '2025-12-19 11:01:03.015832+00'),
(1297, 38, 260, 2, '2025-12-19 11:01:03.021988+00', '2025-12-19 11:01:03.021988+00'),
(1298, 16, 260, 3, '2025-12-19 11:01:03.028254+00', '2025-12-19 11:01:03.028254+00'),
(1299, 37, 260, 4, '2025-12-19 11:01:03.035164+00', '2025-12-19 11:01:03.035164+00'),
(1300, 10, 260, 5, '2025-12-19 11:01:03.041505+00', '2025-12-19 11:01:03.041505+00'),
(1301, 18, 261, 1, '2025-12-19 11:01:03.059373+00', '2025-12-19 11:01:03.059373+00'),
(1302, 40, 261, 2, '2025-12-19 11:01:03.065455+00', '2025-12-19 11:01:03.065455+00'),
(1303, 36, 261, 3, '2025-12-19 11:01:03.07084+00', '2025-12-19 11:01:03.07084+00'),
(1304, 52, 261, 4, '2025-12-19 11:01:03.082446+00', '2025-12-19 11:01:03.082446+00'),
(1305, 51, 261, 5, '2025-12-19 11:01:03.088972+00', '2025-12-19 11:01:03.088972+00'),
(1306, 20, 262, 1, '2025-12-19 11:01:03.100407+00', '2025-12-19 11:01:03.100407+00'),
(1307, 29, 262, 2, '2025-12-19 11:01:03.106092+00', '2025-12-19 11:01:03.106092+00'),
(1308, 43, 262, 3, '2025-12-19 11:01:03.115354+00', '2025-12-19 11:01:03.115354+00'),
(1309, 18, 262, 4, '2025-12-19 11:01:03.125208+00', '2025-12-19 11:01:03.125208+00'),
(1310, 54, 262, 5, '2025-12-19 11:01:03.140324+00', '2025-12-19 11:01:03.140324+00'),
(1311, 51, 263, 1, '2025-12-19 11:01:03.151223+00', '2025-12-19 11:01:03.151223+00'),
(1312, 24, 263, 2, '2025-12-19 11:01:03.162401+00', '2025-12-19 11:01:03.162401+00'),
(1313, 27, 263, 3, '2025-12-19 11:01:03.173433+00', '2025-12-19 11:01:03.173433+00'),
(1314, 31, 263, 4, '2025-12-19 11:01:03.183989+00', '2025-12-19 11:01:03.183989+00'),
(1315, 18, 263, 5, '2025-12-19 11:01:03.193264+00', '2025-12-19 11:01:03.193264+00'),
(1316, 30, 264, 1, '2025-12-19 11:01:03.213568+00', '2025-12-19 11:01:03.213568+00'),
(1317, 24, 264, 2, '2025-12-19 11:01:03.223886+00', '2025-12-19 11:01:03.223886+00'),
(1318, 45, 264, 3, '2025-12-19 11:01:03.232333+00', '2025-12-19 11:01:03.232333+00'),
(1319, 34, 264, 4, '2025-12-19 11:01:03.238164+00', '2025-12-19 11:01:03.238164+00'),
(1320, 32, 264, 5, '2025-12-19 11:01:03.243894+00', '2025-12-19 11:01:03.243894+00'),
(1321, 59, 265, 1, '2025-12-19 11:01:03.255049+00', '2025-12-19 11:01:03.255049+00'),
(1322, 38, 265, 2, '2025-12-19 11:01:03.26372+00', '2025-12-19 11:01:03.26372+00'),
(1323, 17, 265, 3, '2025-12-19 11:01:03.269247+00', '2025-12-19 11:01:03.269247+00'),
(1324, 29, 265, 4, '2025-12-19 11:01:03.274945+00', '2025-12-19 11:01:03.274945+00'),
(1325, 16, 265, 5, '2025-12-19 11:01:03.286181+00', '2025-12-19 11:01:03.286181+00'),
(1326, 29, 266, 1, '2025-12-19 11:01:03.316908+00', '2025-12-19 11:01:03.316908+00'),
(1327, 59, 266, 2, '2025-12-19 11:01:03.322265+00', '2025-12-19 11:01:03.322265+00'),
(1328, 22, 266, 3, '2025-12-19 11:01:03.333671+00', '2025-12-19 11:01:03.333671+00'),
(1329, 55, 266, 4, '2025-12-19 11:01:03.344171+00', '2025-12-19 11:01:03.344171+00'),
(1330, 47, 266, 5, '2025-12-19 11:01:03.353697+00', '2025-12-19 11:01:03.353697+00'),
(1331, 50, 267, 1, '2025-12-19 11:01:03.371391+00', '2025-12-19 11:01:03.371391+00'),
(1332, 33, 267, 2, '2025-12-19 11:01:03.376966+00', '2025-12-19 11:01:03.376966+00'),
(1333, 47, 267, 3, '2025-12-19 11:01:03.383045+00', '2025-12-19 11:01:03.383045+00'),
(1334, 39, 267, 4, '2025-12-19 11:01:03.396016+00', '2025-12-19 11:01:03.396016+00'),
(1335, 29, 267, 5, '2025-12-19 11:01:03.401532+00', '2025-12-19 11:01:03.401532+00'),
(1336, 12, 268, 1, '2025-12-19 11:01:03.412562+00', '2025-12-19 11:01:03.412562+00'),
(1337, 15, 268, 2, '2025-12-19 11:01:03.424135+00', '2025-12-19 11:01:03.424135+00'),
(1338, 36, 268, 3, '2025-12-19 11:01:03.43492+00', '2025-12-19 11:01:03.43492+00'),
(1339, 56, 268, 4, '2025-12-19 11:01:03.446019+00', '2025-12-19 11:01:03.446019+00'),
(1340, 31, 268, 5, '2025-12-19 11:01:03.457003+00', '2025-12-19 11:01:03.457003+00'),
(1341, 11, 269, 1, '2025-12-19 11:01:03.47709+00', '2025-12-19 11:01:03.47709+00'),
(1342, 20, 269, 2, '2025-12-19 11:01:03.487796+00', '2025-12-19 11:01:03.487796+00'),
(1343, 34, 269, 3, '2025-12-19 11:01:03.499034+00', '2025-12-19 11:01:03.499034+00'),
(1344, 25, 269, 4, '2025-12-19 11:01:03.509545+00', '2025-12-19 11:01:03.509545+00'),
(1345, 23, 269, 5, '2025-12-19 11:01:03.51976+00', '2025-12-19 11:01:03.51976+00'),
(1346, 15, 270, 1, '2025-12-19 11:01:03.542805+00', '2025-12-19 11:01:03.542805+00'),
(1347, 12, 270, 2, '2025-12-19 11:01:03.552198+00', '2025-12-19 11:01:03.552198+00'),
(1348, 16, 270, 3, '2025-12-19 11:01:03.562906+00', '2025-12-19 11:01:03.562906+00'),
(1349, 14, 270, 4, '2025-12-19 11:01:03.573444+00', '2025-12-19 11:01:03.573444+00'),
(1350, 19, 270, 5, '2025-12-19 11:01:03.585445+00', '2025-12-19 11:01:03.585445+00'),
(1351, 35, 271, 6, '2025-12-19 11:01:03.614134+00', '2025-12-19 11:01:03.614134+00'),
(1352, 14, 271, 7, '2025-12-19 11:01:03.625178+00', '2025-12-19 11:01:03.625178+00'),
(1353, 43, 271, 8, '2025-12-19 11:01:03.637036+00', '2025-12-19 11:01:03.637036+00'),
(1354, 14, 271, 9, '2025-12-19 11:01:03.643465+00', '2025-12-19 11:01:03.643465+00'),
(1355, 33, 271, 10, '2025-12-19 11:01:03.653911+00', '2025-12-19 11:01:03.653911+00'),
(1356, 33, 272, 6, '2025-12-19 11:01:03.67029+00', '2025-12-19 11:01:03.67029+00'),
(1357, 24, 272, 7, '2025-12-19 11:01:03.6758+00', '2025-12-19 11:01:03.6758+00'),
(1358, 54, 272, 8, '2025-12-19 11:01:03.686188+00', '2025-12-19 11:01:03.686188+00'),
(1359, 37, 272, 9, '2025-12-19 11:01:03.699706+00', '2025-12-19 11:01:03.699706+00'),
(1360, 58, 272, 10, '2025-12-19 11:01:03.709155+00', '2025-12-19 11:01:03.709155+00'),
(1361, 30, 273, 6, '2025-12-19 11:01:03.72855+00', '2025-12-19 11:01:03.72855+00'),
(1362, 18, 273, 7, '2025-12-19 11:01:03.740373+00', '2025-12-19 11:01:03.740373+00'),
(1363, 31, 273, 8, '2025-12-19 11:01:03.750368+00', '2025-12-19 11:01:03.750368+00'),
(1364, 51, 273, 9, '2025-12-19 11:01:03.766737+00', '2025-12-19 11:01:03.766737+00'),
(1365, 49, 273, 10, '2025-12-19 11:01:03.776094+00', '2025-12-19 11:01:03.776094+00'),
(1366, 49, 274, 6, '2025-12-19 11:01:03.787655+00', '2025-12-19 11:01:03.787655+00'),
(1367, 11, 274, 7, '2025-12-19 11:01:03.804282+00', '2025-12-19 11:01:03.804282+00'),
(1368, 30, 274, 8, '2025-12-19 11:01:03.811983+00', '2025-12-19 11:01:03.811983+00'),
(1369, 57, 274, 9, '2025-12-19 11:01:03.82412+00', '2025-12-19 11:01:03.82412+00'),
(1370, 23, 274, 10, '2025-12-19 11:01:03.829581+00', '2025-12-19 11:01:03.829581+00'),
(1371, 17, 275, 6, '2025-12-19 11:01:03.84782+00', '2025-12-19 11:01:03.84782+00'),
(1372, 35, 275, 7, '2025-12-19 11:01:03.859337+00', '2025-12-19 11:01:03.859337+00'),
(1373, 53, 275, 8, '2025-12-19 11:01:03.867379+00', '2025-12-19 11:01:03.867379+00'),
(1374, 36, 275, 9, '2025-12-19 11:01:03.873128+00', '2025-12-19 11:01:03.873128+00'),
(1375, 21, 275, 10, '2025-12-19 11:01:03.87913+00', '2025-12-19 11:01:03.87913+00'),
(1376, 29, 276, 6, '2025-12-19 11:01:03.902872+00', '2025-12-19 11:01:03.902872+00'),
(1377, 33, 276, 7, '2025-12-19 11:01:03.908728+00', '2025-12-19 11:01:03.908728+00'),
(1378, 59, 276, 8, '2025-12-19 11:01:03.915366+00', '2025-12-19 11:01:03.915366+00'),
(1379, 25, 276, 9, '2025-12-19 11:01:03.920407+00', '2025-12-19 11:01:03.920407+00'),
(1380, 44, 276, 10, '2025-12-19 11:01:03.925542+00', '2025-12-19 11:01:03.925542+00'),
(1381, 26, 277, 6, '2025-12-19 11:01:03.943163+00', '2025-12-19 11:01:03.943163+00'),
(1382, 52, 277, 7, '2025-12-19 11:01:03.953947+00', '2025-12-19 11:01:03.953947+00'),
(1383, 46, 277, 8, '2025-12-19 11:01:03.965007+00', '2025-12-19 11:01:03.965007+00'),
(1384, 50, 277, 9, '2025-12-19 11:01:03.976146+00', '2025-12-19 11:01:03.976146+00'),
(1385, 10, 277, 10, '2025-12-19 11:01:03.987122+00', '2025-12-19 11:01:03.987122+00'),
(1386, 47, 278, 6, '2025-12-19 11:01:04.008431+00', '2025-12-19 11:01:04.008431+00'),
(1387, 36, 278, 7, '2025-12-19 11:01:04.014202+00', '2025-12-19 11:01:04.014202+00'),
(1388, 52, 278, 8, '2025-12-19 11:01:04.023033+00', '2025-12-19 11:01:04.023033+00'),
(1389, 26, 278, 9, '2025-12-19 11:01:04.033154+00', '2025-12-19 11:01:04.033154+00'),
(1390, 39, 278, 10, '2025-12-19 11:01:04.043387+00', '2025-12-19 11:01:04.043387+00'),
(1391, 14, 279, 6, '2025-12-19 11:01:04.066615+00', '2025-12-19 11:01:04.066615+00'),
(1392, 57, 279, 7, '2025-12-19 11:01:04.07828+00', '2025-12-19 11:01:04.07828+00'),
(1393, 31, 279, 8, '2025-12-19 11:01:04.087356+00', '2025-12-19 11:01:04.087356+00'),
(1394, 50, 279, 9, '2025-12-19 11:01:04.097932+00', '2025-12-19 11:01:04.097932+00'),
(1395, 13, 279, 10, '2025-12-19 11:01:04.108551+00', '2025-12-19 11:01:04.108551+00'),
(1396, 19, 280, 6, '2025-12-19 11:01:04.126847+00', '2025-12-19 11:01:04.126847+00'),
(1397, 28, 280, 7, '2025-12-19 11:01:04.132722+00', '2025-12-19 11:01:04.132722+00'),
(1398, 60, 280, 8, '2025-12-19 11:01:04.138402+00', '2025-12-19 11:01:04.138402+00'),
(1399, 26, 280, 9, '2025-12-19 11:01:04.143714+00', '2025-12-19 11:01:04.143714+00'),
(1400, 26, 280, 10, '2025-12-19 11:01:04.149037+00', '2025-12-19 11:01:04.149037+00'),
(1401, 43, 281, 6, '2025-12-19 11:01:04.16638+00', '2025-12-19 11:01:04.16638+00'),
(1402, 13, 281, 7, '2025-12-19 11:01:04.17254+00', '2025-12-19 11:01:04.17254+00'),
(1403, 29, 281, 8, '2025-12-19 11:01:04.17807+00', '2025-12-19 11:01:04.17807+00'),
(1404, 42, 281, 9, '2025-12-19 11:01:04.183811+00', '2025-12-19 11:01:04.183811+00'),
(1405, 38, 281, 10, '2025-12-19 11:01:04.189225+00', '2025-12-19 11:01:04.189225+00'),
(1406, 30, 282, 6, '2025-12-19 11:01:04.199969+00', '2025-12-19 11:01:04.199969+00'),
(1407, 52, 282, 7, '2025-12-19 11:01:04.20524+00', '2025-12-19 11:01:04.20524+00'),
(1408, 30, 282, 8, '2025-12-19 11:01:04.210503+00', '2025-12-19 11:01:04.210503+00'),
(1409, 53, 282, 9, '2025-12-19 11:01:04.216036+00', '2025-12-19 11:01:04.216036+00'),
(1410, 35, 282, 10, '2025-12-19 11:01:04.221352+00', '2025-12-19 11:01:04.221352+00'),
(1411, 53, 283, 6, '2025-12-19 11:01:04.231886+00', '2025-12-19 11:01:04.231886+00'),
(1412, 15, 283, 7, '2025-12-19 11:01:04.237217+00', '2025-12-19 11:01:04.237217+00'),
(1413, 23, 283, 8, '2025-12-19 11:01:04.242755+00', '2025-12-19 11:01:04.242755+00'),
(1414, 33, 283, 9, '2025-12-19 11:01:04.248424+00', '2025-12-19 11:01:04.248424+00'),
(1415, 39, 283, 10, '2025-12-19 11:01:04.25454+00', '2025-12-19 11:01:04.25454+00'),
(1416, 29, 284, 6, '2025-12-19 11:01:04.266117+00', '2025-12-19 11:01:04.266117+00'),
(1417, 32, 284, 7, '2025-12-19 11:01:04.27187+00', '2025-12-19 11:01:04.27187+00'),
(1418, 45, 284, 8, '2025-12-19 11:01:04.278047+00', '2025-12-19 11:01:04.278047+00'),
(1419, 31, 284, 9, '2025-12-19 11:01:04.283786+00', '2025-12-19 11:01:04.283786+00'),
(1420, 55, 284, 10, '2025-12-19 11:01:04.289413+00', '2025-12-19 11:01:04.289413+00'),
(1421, 12, 285, 6, '2025-12-19 11:01:04.30112+00', '2025-12-19 11:01:04.30112+00'),
(1422, 32, 285, 7, '2025-12-19 11:01:04.306931+00', '2025-12-19 11:01:04.306931+00'),
(1423, 43, 285, 8, '2025-12-19 11:01:04.31221+00', '2025-12-19 11:01:04.31221+00'),
(1424, 31, 285, 9, '2025-12-19 11:01:04.317803+00', '2025-12-19 11:01:04.317803+00'),
(1425, 37, 285, 10, '2025-12-19 11:01:04.323543+00', '2025-12-19 11:01:04.323543+00'),
(1426, 56, 286, 1, '2025-12-19 11:01:04.342432+00', '2025-12-19 11:01:04.342432+00'),
(1427, 37, 286, 2, '2025-12-19 11:01:04.348178+00', '2025-12-19 11:01:04.348178+00'),
(1428, 59, 286, 3, '2025-12-19 11:01:04.353765+00', '2025-12-19 11:01:04.353765+00'),
(1429, 38, 286, 4, '2025-12-19 11:01:04.359591+00', '2025-12-19 11:01:04.359591+00'),
(1430, 30, 286, 5, '2025-12-19 11:01:04.366604+00', '2025-12-19 11:01:04.366604+00'),
(1431, 19, 287, 1, '2025-12-19 11:01:04.377429+00', '2025-12-19 11:01:04.377429+00'),
(1432, 36, 287, 2, '2025-12-19 11:01:04.383116+00', '2025-12-19 11:01:04.383116+00'),
(1433, 24, 287, 3, '2025-12-19 11:01:04.389112+00', '2025-12-19 11:01:04.389112+00'),
(1434, 23, 287, 4, '2025-12-19 11:01:04.394702+00', '2025-12-19 11:01:04.394702+00'),
(1435, 32, 287, 5, '2025-12-19 11:01:04.401218+00', '2025-12-19 11:01:04.401218+00'),
(1436, 38, 288, 1, '2025-12-19 11:01:04.413575+00', '2025-12-19 11:01:04.413575+00'),
(1437, 44, 288, 2, '2025-12-19 11:01:04.419131+00', '2025-12-19 11:01:04.419131+00'),
(1438, 49, 288, 3, '2025-12-19 11:01:04.424841+00', '2025-12-19 11:01:04.424841+00'),
(1439, 18, 288, 4, '2025-12-19 11:01:04.431459+00', '2025-12-19 11:01:04.431459+00'),
(1440, 20, 288, 5, '2025-12-19 11:01:04.437317+00', '2025-12-19 11:01:04.437317+00'),
(1441, 46, 289, 1, '2025-12-19 11:01:04.448397+00', '2025-12-19 11:01:04.448397+00'),
(1442, 49, 289, 2, '2025-12-19 11:01:04.453549+00', '2025-12-19 11:01:04.453549+00'),
(1443, 41, 289, 3, '2025-12-19 11:01:04.459612+00', '2025-12-19 11:01:04.459612+00'),
(1444, 38, 289, 4, '2025-12-19 11:01:04.465845+00', '2025-12-19 11:01:04.465845+00'),
(1445, 32, 289, 5, '2025-12-19 11:01:04.471086+00', '2025-12-19 11:01:04.471086+00'),
(1446, 12, 290, 1, '2025-12-19 11:01:04.482614+00', '2025-12-19 11:01:04.482614+00'),
(1447, 22, 290, 2, '2025-12-19 11:01:04.488084+00', '2025-12-19 11:01:04.488084+00'),
(1448, 50, 290, 3, '2025-12-19 11:01:04.493606+00', '2025-12-19 11:01:04.493606+00'),
(1449, 23, 290, 4, '2025-12-19 11:01:04.499462+00', '2025-12-19 11:01:04.499462+00'),
(1450, 24, 290, 5, '2025-12-19 11:01:04.505706+00', '2025-12-19 11:01:04.505706+00'),
(1451, 14, 291, 1, '2025-12-19 11:01:04.522915+00', '2025-12-19 11:01:04.522915+00'),
(1452, 27, 291, 2, '2025-12-19 11:01:04.528944+00', '2025-12-19 11:01:04.528944+00'),
(1453, 25, 291, 3, '2025-12-19 11:01:04.534449+00', '2025-12-19 11:01:04.534449+00'),
(1454, 17, 291, 4, '2025-12-19 11:01:04.539873+00', '2025-12-19 11:01:04.539873+00'),
(1455, 12, 291, 5, '2025-12-19 11:01:04.545571+00', '2025-12-19 11:01:04.545571+00'),
(1456, 33, 292, 1, '2025-12-19 11:01:04.557473+00', '2025-12-19 11:01:04.557473+00'),
(1457, 57, 292, 2, '2025-12-19 11:01:04.562766+00', '2025-12-19 11:01:04.562766+00'),
(1458, 14, 292, 3, '2025-12-19 11:01:04.567741+00', '2025-12-19 11:01:04.567741+00'),
(1459, 50, 292, 4, '2025-12-19 11:01:04.572869+00', '2025-12-19 11:01:04.572869+00'),
(1460, 16, 292, 5, '2025-12-19 11:01:04.577897+00', '2025-12-19 11:01:04.577897+00'),
(1461, 32, 293, 1, '2025-12-19 11:01:04.58865+00', '2025-12-19 11:01:04.58865+00'),
(1462, 43, 293, 2, '2025-12-19 11:01:04.593513+00', '2025-12-19 11:01:04.593513+00'),
(1463, 57, 293, 3, '2025-12-19 11:01:04.598595+00', '2025-12-19 11:01:04.598595+00'),
(1464, 20, 293, 4, '2025-12-19 11:01:04.603715+00', '2025-12-19 11:01:04.603715+00'),
(1465, 11, 293, 5, '2025-12-19 11:01:04.608704+00', '2025-12-19 11:01:04.608704+00'),
(1466, 15, 294, 1, '2025-12-19 11:01:04.620785+00', '2025-12-19 11:01:04.620785+00'),
(1467, 60, 294, 2, '2025-12-19 11:01:04.626892+00', '2025-12-19 11:01:04.626892+00'),
(1468, 59, 294, 3, '2025-12-19 11:01:04.632651+00', '2025-12-19 11:01:04.632651+00'),
(1469, 29, 294, 4, '2025-12-19 11:01:04.638236+00', '2025-12-19 11:01:04.638236+00'),
(1470, 39, 294, 5, '2025-12-19 11:01:04.643782+00', '2025-12-19 11:01:04.643782+00'),
(1471, 10, 295, 1, '2025-12-19 11:01:04.654855+00', '2025-12-19 11:01:04.654855+00'),
(1472, 12, 295, 2, '2025-12-19 11:01:04.660738+00', '2025-12-19 11:01:04.660738+00'),
(1473, 23, 295, 3, '2025-12-19 11:01:04.666644+00', '2025-12-19 11:01:04.666644+00'),
(1474, 18, 295, 4, '2025-12-19 11:01:04.67307+00', '2025-12-19 11:01:04.67307+00'),
(1475, 23, 295, 5, '2025-12-19 11:01:04.678716+00', '2025-12-19 11:01:04.678716+00'),
(1476, 34, 296, 1, '2025-12-19 11:01:04.695983+00', '2025-12-19 11:01:04.695983+00'),
(1477, 34, 296, 2, '2025-12-19 11:01:04.701354+00', '2025-12-19 11:01:04.701354+00'),
(1478, 31, 296, 3, '2025-12-19 11:01:04.706953+00', '2025-12-19 11:01:04.706953+00'),
(1479, 54, 296, 4, '2025-12-19 11:01:04.712633+00', '2025-12-19 11:01:04.712633+00'),
(1480, 53, 296, 5, '2025-12-19 11:01:04.718955+00', '2025-12-19 11:01:04.718955+00'),
(1481, 19, 297, 1, '2025-12-19 11:01:04.730262+00', '2025-12-19 11:01:04.730262+00'),
(1482, 51, 297, 2, '2025-12-19 11:01:04.736424+00', '2025-12-19 11:01:04.736424+00'),
(1483, 10, 297, 3, '2025-12-19 11:01:04.742014+00', '2025-12-19 11:01:04.742014+00'),
(1484, 42, 297, 4, '2025-12-19 11:01:04.747954+00', '2025-12-19 11:01:04.747954+00'),
(1485, 23, 297, 5, '2025-12-19 11:01:04.753789+00', '2025-12-19 11:01:04.753789+00'),
(1486, 14, 298, 1, '2025-12-19 11:01:04.765509+00', '2025-12-19 11:01:04.765509+00'),
(1487, 48, 298, 2, '2025-12-19 11:01:04.771188+00', '2025-12-19 11:01:04.771188+00'),
(1488, 47, 298, 3, '2025-12-19 11:01:04.776608+00', '2025-12-19 11:01:04.776608+00'),
(1489, 15, 298, 4, '2025-12-19 11:01:04.782666+00', '2025-12-19 11:01:04.782666+00'),
(1490, 31, 298, 5, '2025-12-19 11:01:04.788565+00', '2025-12-19 11:01:04.788565+00'),
(1491, 51, 299, 1, '2025-12-19 11:01:04.802508+00', '2025-12-19 11:01:04.802508+00'),
(1492, 38, 299, 2, '2025-12-19 11:01:04.808214+00', '2025-12-19 11:01:04.808214+00'),
(1493, 38, 299, 3, '2025-12-19 11:01:04.813677+00', '2025-12-19 11:01:04.813677+00'),
(1494, 21, 299, 4, '2025-12-19 11:01:04.819126+00', '2025-12-19 11:01:04.819126+00'),
(1495, 42, 299, 5, '2025-12-19 11:01:04.824331+00', '2025-12-19 11:01:04.824331+00'),
(1496, 17, 300, 1, '2025-12-19 11:01:04.835966+00', '2025-12-19 11:01:04.835966+00'),
(1497, 37, 300, 2, '2025-12-19 11:01:04.841647+00', '2025-12-19 11:01:04.841647+00'),
(1498, 12, 300, 3, '2025-12-19 11:01:04.848293+00', '2025-12-19 11:01:04.848293+00'),
(1499, 35, 300, 4, '2025-12-19 11:01:04.853653+00', '2025-12-19 11:01:04.853653+00'),
(1500, 12, 300, 5, '2025-12-19 11:01:04.859424+00', '2025-12-19 11:01:04.859424+00'),
(1501, 24, 301, 1, '2025-12-19 11:01:04.876289+00', '2025-12-19 11:01:04.876289+00'),
(1502, 32, 301, 2, '2025-12-19 11:01:04.882273+00', '2025-12-19 11:01:04.882273+00'),
(1503, 27, 301, 3, '2025-12-19 11:01:04.889009+00', '2025-12-19 11:01:04.889009+00'),
(1504, 46, 301, 4, '2025-12-19 11:01:04.894535+00', '2025-12-19 11:01:04.894535+00'),
(1505, 14, 301, 5, '2025-12-19 11:01:04.90104+00', '2025-12-19 11:01:04.90104+00'),
(1506, 22, 302, 1, '2025-12-19 11:01:04.912817+00', '2025-12-19 11:01:04.912817+00'),
(1507, 55, 302, 2, '2025-12-19 11:01:04.918234+00', '2025-12-19 11:01:04.918234+00'),
(1508, 24, 302, 3, '2025-12-19 11:01:04.923984+00', '2025-12-19 11:01:04.923984+00'),
(1509, 24, 302, 4, '2025-12-19 11:01:04.92954+00', '2025-12-19 11:01:04.92954+00'),
(1510, 30, 302, 5, '2025-12-19 11:01:04.935909+00', '2025-12-19 11:01:04.935909+00'),
(1511, 19, 303, 1, '2025-12-19 11:01:04.947252+00', '2025-12-19 11:01:04.947252+00'),
(1512, 60, 303, 2, '2025-12-19 11:01:04.952491+00', '2025-12-19 11:01:04.952491+00'),
(1513, 19, 303, 3, '2025-12-19 11:01:04.958167+00', '2025-12-19 11:01:04.958167+00'),
(1514, 16, 303, 4, '2025-12-19 11:01:04.965004+00', '2025-12-19 11:01:04.965004+00'),
(1515, 28, 303, 5, '2025-12-19 11:01:04.970993+00', '2025-12-19 11:01:04.970993+00'),
(1516, 58, 304, 1, '2025-12-19 11:01:04.982779+00', '2025-12-19 11:01:04.982779+00'),
(1517, 15, 304, 2, '2025-12-19 11:01:04.98854+00', '2025-12-19 11:01:04.98854+00'),
(1518, 26, 304, 3, '2025-12-19 11:01:04.99397+00', '2025-12-19 11:01:04.99397+00'),
(1519, 11, 304, 4, '2025-12-19 11:01:05.001089+00', '2025-12-19 11:01:05.001089+00'),
(1520, 12, 304, 5, '2025-12-19 11:01:05.006863+00', '2025-12-19 11:01:05.006863+00'),
(1521, 59, 305, 1, '2025-12-19 11:01:05.019482+00', '2025-12-19 11:01:05.019482+00'),
(1522, 41, 305, 2, '2025-12-19 11:01:05.025268+00', '2025-12-19 11:01:05.025268+00'),
(1523, 17, 305, 3, '2025-12-19 11:01:05.031304+00', '2025-12-19 11:01:05.031304+00'),
(1524, 44, 305, 4, '2025-12-19 11:01:05.037182+00', '2025-12-19 11:01:05.037182+00'),
(1525, 57, 305, 5, '2025-12-19 11:01:05.042992+00', '2025-12-19 11:01:05.042992+00');
INSERT INTO "public"."cart" ("id", "status", "user_id", "cart_count_products", "cart_total_items", "cart_subtotal", "updated_at", "created_at") VALUES
(6, 1, 29, 2, 28, 1177.26, '2026-02-02 06:18:00.558+00', '2026-02-02 06:03:28.451+00');
INSERT INTO "public"."cart_product" ("id", "quantity", "price", "cart_id", "variation_id", "created_at") VALUES
(4, 14, 38.46, 6, 75, '2026-02-02 06:03:28.464+00'),
(5, 14, 45.63, 6, 25, '2026-02-02 06:03:53.48+00');


INSERT INTO "public"."discount" ("id", "discount_name", "discount_description", "discount_type", "discount_value", "discount_code", "discount_start", "discount_end", "discount_max_uses", "discount_users_count", "discount_max_uses_per_user", "discount_min_order_value", "active", "created_at", "updated_at") VALUES
(4, '20% Off Premium Shirts', 'Get 20% off on all premium cotton and linen shirts', 'percentage', 20.00, 'SHIRT20', '2025-12-19 18:01:05.08735+00', '2026-02-18 18:01:05.08735+00', 1528, 0, 2, 150.00, 't', '2025-12-19 11:01:05.087896+00', '2025-12-19 11:01:05.087896+00'),
(5, 'Free Shipping on Orders Over 500k', 'Free standard shipping on all orders above 500,000 VND', 'free_shipping', 0.00, 'FREESHIP500', '2025-12-19 18:01:05.093866+00', '2026-03-07 18:01:05.093866+00', 748, 0, 1, 500.00, 't', '2025-12-19 11:01:05.094139+00', '2025-12-19 11:01:05.094139+00'),
(6, 'Weekend Flash Sale - 100k Off', 'Weekend special: 100,000 VND off on all orders', 'fixed_amount', 100.00, 'WEEKEND100', '2025-12-19 18:01:05.101543+00', '2026-04-03 18:01:05.101543+00', 1045, 0, 1, 300.00, 't', '2025-12-19 11:01:05.10131+00', '2025-12-19 11:01:05.10131+00'),
(7, 'New Customer Welcome - 15% Off', 'Special discount for first-time customers', 'percentage', 15.00, 'WELCOME15', '2025-12-19 18:01:05.10779+00', '2026-01-26 18:01:05.10779+00', 701, 0, 2, 100.00, 't', '2025-12-19 11:01:05.10819+00', '2025-12-19 11:01:05.10819+00'),
(8, 'Summer Collection - 250k Off', 'Save 250,000 VND on selected summer collection items', 'fixed_amount', 250.00, 'SUMMER250', '2025-12-19 18:01:05.113798+00', '2026-02-22 18:01:05.113798+00', 1015, 0, 3, 600.00, 't', '2025-12-19 11:01:05.114227+00', '2025-12-19 11:01:05.114227+00');


INSERT INTO "public"."discount" 
("discount_name", 
 "discount_description", 
 "discount_type", 
 "discount_value", 
 "discount_code", 
 "discount_start", 
 "discount_end", 
 "discount_max_uses", 
 "discount_users_count", 
 "discount_max_uses_per_user", 
 "discount_min_order_value", 
 "active", 
 "created_at", 
 "updated_at") 
VALUES

-- Shipping 10k
('Shipping Saver - 10k Off',
 'Get 10,000 VND off your shipping fee',
 'shipping',
 10.00,
 'SHIP10',
 now(),
 now() + interval '90 days',
 1000,
 0,
 3,
 100.00,
 true,
 now(),
 now()),

-- Shipping 20k
('Shipping Boost - 20k Off',
 'Save 20,000 VND on shipping for orders above 200,000 VND',
 'shipping',
 20.00,
 'SHIP20',
 now(),
 now() + interval '90 days',
 800,
 0,
 2,
 200.00,
 true,
 now(),
 now()),

-- Shipping 30k
('Premium Shipping - 30k Off',
 'Enjoy 30,000 VND shipping discount on orders above 300,000 VND',
 'shipping',
 30.00,
 'SHIP30',
 now(),
 now() + interval '120 days',
 500,
 0,
 1,
 300.00,
 true,
 now(),
 now());





